Year,StateAbbr,StateDesc,LocationName,DataSource,Category,Measure,Data_Value_Unit,Data_Value_Type,Data_Value,Low_Confidence_Limit,High_Confidence_Limit,TotalPopulation,Geolocation,LocationID,CategoryID,MeasureId,DataValueTypeID,Short_Question_Text
2019,NC,North Carolina,Cornelius,BRFSS,Health Outcomes,High cholesterol among adults aged >=18 years who have been screened in the past 5 years,%,Age-adjusted prevalence,28.9,28.5,29.2,"25,000",POINT (-80.8847801 35.47288109),3714700,HLTHOUT,HIGHCHOL,AgeAdjPrv,High Cholesterol
2018,NC,North Carolina,Cornelius,BRFSS,Prevention,"Older adult men aged >=65 years who are up to date on a core set of clinical preventive services: Flu shot past year, PPV shot ever, Colorectal cancer screening",%,Crude prevalence,46.3,42.5,49.8,"25,000",POINT (-80.8847801 35.47288109),3714700,PREVENT,COREM,CrdPrv,Core preventive services for older men
2018,NC,North Carolina,Cornelius,BRFSS,Prevention,Mammography use among women aged 50-74 years,%,Age-adjusted prevalence,77.7,75.8,79.4,"25,000",POINT (-80.8847801 35.47288109),3714700,PREVENT,MAMMOUSE,AgeAdjPrv,Mammography
2018,NC,North Carolina,Cornelius,BRFSS,Health Risk Behaviors,Sleeping less than 7 hours among adults aged >=18 years,%,Crude prevalence,31.6,30.8,32.4,"25,000",POINT (-80.8847801 35.47288109),3714700,RISKBEH,SLEEP,CrdPrv,Sleep <7 hours
2019,NC,North Carolina,Cornelius,BRFSS,Prevention,Visits to doctor for routine checkup within the past year among adults aged >=18 years,%,Age-adjusted prevalence,76.4,76,76.8,"25,000",POINT (-80.8847801 35.47288109),3714700,PREVENT,CHECKUP,AgeAdjPrv,Annual Checkup
2019,NC,North Carolina,Cornelius,BRFSS,Health Risk Behaviors,Binge drinking among adults aged >=18 years,%,Age-adjusted prevalence,20.3,19.9,20.6,"25,000",POINT (-80.8847801 35.47288109),3714700,RISKBEH,BINGE,AgeAdjPrv,Binge Drinking
2018,NC,North Carolina,Cornelius,BRFSS,Prevention,"Older adult women aged >=65 years who are up to date on a core set of clinical preventive services: Flu shot past year, PPV shot ever, Colorectal cancer screening, and Mammogram past 2 years",%,Age-adjusted prevalence,43.6,40.7,46.3,"25,000",POINT (-80.8847801 35.47288109),3714700,PREVENT,COREW,AgeAdjPrv,Core preventive services for older women
2019,NC,North Carolina,Cornelius,BRFSS,Health Outcomes,High blood pressure among adults aged >=18 years,%,Crude prevalence,26.2,25.6,26.9,"25,000",POINT (-80.8847801 35.47288109),3714700,HLTHOUT,BPHIGH,CrdPrv,High Blood Pressure
2019,NC,North Carolina,Cornelius,BRFSS,Health Outcomes,Diagnosed diabetes among adults aged >=18 years,%,Crude prevalence,7.2,6.9,7.5,"25,000",POINT (-80.8847801 35.47288109),3714700,HLTHOUT,DIABETES,CrdPrv,Diabetes
2019,NC,North Carolina,Cornelius,BRFSS,Health Risk Behaviors,Current smoking among adults aged >=18 years,%,Age-adjusted prevalence,13.4,12.2,14.8,"25,000",POINT (-80.8847801 35.47288109),3714700,RISKBEH,CSMOKING,AgeAdjPrv,Current Smoking
2019,NC,North Carolina,Cornelius,BRFSS,Health Status,Physical health not good for >=14 days among adults aged >=18 years,%,Crude prevalence,9.1,8.6,9.7,"25,000",POINT (-80.8847801 35.47288109),3714700,HLTHSTAT,PHLTH,CrdPrv,Physical Health
2019,NC,North Carolina,Cornelius,BRFSS,Prevention,Taking medicine for high blood pressure control among adults aged >=18 years with high blood pressure,%,Crude prevalence,69.7,69,70.3,"25,000",POINT (-80.8847801 35.47288109),3714700,PREVENT,BPMED,CrdPrv,Taking BP Medication
2019,NC,North Carolina,Cornelius,BRFSS,Health Outcomes,Arthritis among adults aged >=18 years,%,Age-adjusted prevalence,20.5,20,21,"25,000",POINT (-80.8847801 35.47288109),3714700,HLTHOUT,ARTHRITIS,AgeAdjPrv,Arthritis
2019,NC,North Carolina,Cornelius,BRFSS,Health Outcomes,Arthritis among adults aged >=18 years,%,Crude prevalence,20.4,19.8,21,"25,000",POINT (-80.8847801 35.47288109),3714700,HLTHOUT,ARTHRITIS,CrdPrv,Arthritis
2018,NC,North Carolina,Cornelius,BRFSS,Prevention,"Older adult men aged >=65 years who are up to date on a core set of clinical preventive services: Flu shot past year, PPV shot ever, Colorectal cancer screening",%,Age-adjusted prevalence,47.1,43.7,50.4,"25,000",POINT (-80.8847801 35.47288109),3714700,PREVENT,COREM,AgeAdjPrv,Core preventive services for older men
2019,NC,North Carolina,Cornelius,BRFSS,Health Status,Fair or poor self-rated health status among adults aged >=18 years,%,Crude prevalence,11.8,11,12.8,"25,000",POINT (-80.8847801 35.47288109),3714700,HLTHSTAT,GHLTH,CrdPrv,General Health
2019,NC,North Carolina,Cornelius,BRFSS,Health Status,Fair or poor self-rated health status among adults aged >=18 years,%,Age-adjusted prevalence,11.7,10.9,12.6,"25,000",POINT (-80.8847801 35.47288109),3714700,HLTHSTAT,GHLTH,AgeAdjPrv,General Health
2019,NC,North Carolina,Cornelius,BRFSS,Health Risk Behaviors,No leisure-time physical activity among adults aged >=18 years,%,Crude prevalence,17,16,18.1,"25,000",POINT (-80.8847801 35.47288109),3714700,RISKBEH,LPA,CrdPrv,Physical Inactivity
2019,NC,North Carolina,Cornelius,BRFSS,Health Status,Mental health not good for >=14 days among adults aged >=18 years,%,Crude prevalence,12.2,11.6,12.8,"25,000",POINT (-80.8847801 35.47288109),3714700,HLTHSTAT,MHLTH,CrdPrv,Mental Health
2019,NC,North Carolina,Cornelius,BRFSS,Health Status,Physical health not good for >=14 days among adults aged >=18 years,%,Age-adjusted prevalence,8.9,8.4,9.4,"25,000",POINT (-80.8847801 35.47288109),3714700,HLTHSTAT,PHLTH,AgeAdjPrv,Physical Health
2019,NC,North Carolina,Cornelius,BRFSS,Prevention,Cholesterol screening among adults aged >=18 years,%,Age-adjusted prevalence,88.2,87.6,88.7,"25,000",POINT (-80.8847801 35.47288109),3714700,PREVENT,CHOLSCREEN,AgeAdjPrv,Cholesterol Screening
2019,NC,North Carolina,Cornelius,BRFSS,Health Outcomes,Diagnosed diabetes among adults aged >=18 years,%,Age-adjusted prevalence,7.2,6.9,7.5,"25,000",POINT (-80.8847801 35.47288109),3714700,HLTHOUT,DIABETES,AgeAdjPrv,Diabetes
2018,NC,North Carolina,Cornelius,BRFSS,Health Outcomes,All teeth lost among adults aged >=65 years,%,Age-adjusted prevalence,7.7,6.2,9.4,"25,000",POINT (-80.8847801 35.47288109),3714700,HLTHOUT,TEETHLOST,AgeAdjPrv,All Teeth Lost
2018,NC,North Carolina,Cornelius,BRFSS,Prevention,Visits to dentist or dental clinic among adults aged >=18 years,%,Age-adjusted prevalence,76.9,75.5,78.2,"25,000",POINT (-80.8847801 35.47288109),3714700,PREVENT,DENTAL,AgeAdjPrv,Dental Visit
2019,NC,North Carolina,Cornelius,BRFSS,Prevention,Visits to doctor for routine checkup within the past year among adults aged >=18 years,%,Crude prevalence,76.1,75.6,76.5,"25,000",POINT (-80.8847801 35.47288109),3714700,PREVENT,CHECKUP,CrdPrv,Annual Checkup
2018,NC,North Carolina,Cornelius,BRFSS,Prevention,Visits to dentist or dental clinic among adults aged >=18 years,%,Crude prevalence,76.5,75.1,77.9,"25,000",POINT (-80.8847801 35.47288109),3714700,PREVENT,DENTAL,CrdPrv,Dental Visit
2019,NC,North Carolina,Cornelius,BRFSS,Health Outcomes,Stroke among adults aged >=18 years,%,Crude prevalence,2.2,2.1,2.4,"25,000",POINT (-80.8847801 35.47288109),3714700,HLTHOUT,STROKE,CrdPrv,Stroke
2019,NC,North Carolina,Cornelius,BRFSS,Prevention,Cholesterol screening among adults aged >=18 years,%,Crude prevalence,88.5,88,89,"25,000",POINT (-80.8847801 35.47288109),3714700,PREVENT,CHOLSCREEN,CrdPrv,Cholesterol Screening
2019,NC,North Carolina,Cornelius,BRFSS,Health Outcomes,Current asthma among adults aged >=18 years,%,Crude prevalence,8.2,8,8.4,"25,000",POINT (-80.8847801 35.47288109),3714700,HLTHOUT,CASTHMA,CrdPrv,Current Asthma
2019,NC,North Carolina,Cornelius,BRFSS,Health Risk Behaviors,Current smoking among adults aged >=18 years,%,Crude prevalence,14.2,12.9,15.6,"25,000",POINT (-80.8847801 35.47288109),3714700,RISKBEH,CSMOKING,CrdPrv,Current Smoking
2019,NC,North Carolina,Cornelius,BRFSS,Health Outcomes,Current asthma among adults aged >=18 years,%,Age-adjusted prevalence,8.2,8,8.4,"25,000",POINT (-80.8847801 35.47288109),3714700,HLTHOUT,CASTHMA,AgeAdjPrv,Current Asthma
2018,NC,North Carolina,Cornelius,BRFSS,Prevention,"Fecal occult blood test, sigmoidoscopy, or colonoscopy among adults aged 50-75 years",%,Crude prevalence,72.1,70.4,73.5,"25,000",POINT (-80.8847801 35.47288109),3714700,PREVENT,COLON_SCREEN,CrdPrv,Colorectal Cancer Screening
2019,NC,North Carolina,Cornelius,BRFSS,Health Outcomes,Obesity among adults aged >=18 years,%,Crude prevalence,25.4,24.7,26.1,"25,000",POINT (-80.8847801 35.47288109),3714700,HLTHOUT,OBESITY,CrdPrv,Obesity
2018,NC,North Carolina,Cornelius,BRFSS,Prevention,"Fecal occult blood test, sigmoidoscopy, or colonoscopy among adults aged 50-75 years",%,Age-adjusted prevalence,72.4,70.8,73.8,"25,000",POINT (-80.8847801 35.47288109),3714700,PREVENT,COLON_SCREEN,AgeAdjPrv,Colorectal Cancer Screening
2018,NC,North Carolina,Cornelius,BRFSS,Prevention,"Older adult women aged >=65 years who are up to date on a core set of clinical preventive services: Flu shot past year, PPV shot ever, Colorectal cancer screening, and Mammogram past 2 years",%,Crude prevalence,43.8,40.7,46.8,"25,000",POINT (-80.8847801 35.47288109),3714700,PREVENT,COREW,CrdPrv,Core preventive services for older women
2019,NC,North Carolina,Cornelius,BRFSS,Prevention,Current lack of health insurance among adults aged 18-64 years,%,Age-adjusted prevalence,11.9,11,13,"25,000",POINT (-80.8847801 35.47288109),3714700,PREVENT,ACCESS2,AgeAdjPrv,Health Insurance
2019,NC,North Carolina,Cornelius,BRFSS,Prevention,Current lack of health insurance among adults aged 18-64 years,%,Crude prevalence,11.8,10.9,12.9,"25,000",POINT (-80.8847801 35.47288109),3714700,PREVENT,ACCESS2,CrdPrv,Health Insurance
2018,NC,North Carolina,Cornelius,BRFSS,Prevention,Mammography use among women aged 50-74 years,%,Crude prevalence,80,78.4,81.5,"25,000",POINT (-80.8847801 35.47288109),3714700,PREVENT,MAMMOUSE,CrdPrv,Mammography
2019,NC,North Carolina,Cornelius,BRFSS,Health Outcomes,Coronary heart disease among adults aged >=18 years,%,Age-adjusted prevalence,4.5,4.2,4.7,"25,000",POINT (-80.8847801 35.47288109),3714700,HLTHOUT,CHD,AgeAdjPrv,Coronary Heart Disease
2019,NC,North Carolina,Cornelius,BRFSS,Health Outcomes,High blood pressure among adults aged >=18 years,%,Age-adjusted prevalence,26.4,25.9,27,"25,000",POINT (-80.8847801 35.47288109),3714700,HLTHOUT,BPHIGH,AgeAdjPrv,High Blood Pressure
2019,NC,North Carolina,Cornelius,BRFSS,Health Status,Mental health not good for >=14 days among adults aged >=18 years,%,Age-adjusted prevalence,12.1,11.5,12.7,"25,000",POINT (-80.8847801 35.47288109),3714700,HLTHSTAT,MHLTH,AgeAdjPrv,Mental Health
2019,NC,North Carolina,Cornelius,BRFSS,Health Risk Behaviors,Binge drinking among adults aged >=18 years,%,Crude prevalence,20.5,20.1,20.8,"25,000",POINT (-80.8847801 35.47288109),3714700,RISKBEH,BINGE,CrdPrv,Binge Drinking
2019,NC,North Carolina,Cornelius,BRFSS,Health Outcomes,Chronic obstructive pulmonary disease among adults aged >=18 years,%,Crude prevalence,4.8,4.4,5.2,"25,000",POINT (-80.8847801 35.47288109),3714700,HLTHOUT,COPD,CrdPrv,COPD
2019,NC,North Carolina,Cornelius,BRFSS,Health Outcomes,Stroke among adults aged >=18 years,%,Age-adjusted prevalence,2.4,2.2,2.5,"25,000",POINT (-80.8847801 35.47288109),3714700,HLTHOUT,STROKE,AgeAdjPrv,Stroke
2019,NC,North Carolina,Cornelius,BRFSS,Health Outcomes,Chronic obstructive pulmonary disease among adults aged >=18 years,%,Age-adjusted prevalence,4.8,4.4,5.2,"25,000",POINT (-80.8847801 35.47288109),3714700,HLTHOUT,COPD,AgeAdjPrv,COPD
2019,NC,North Carolina,Cornelius,BRFSS,Health Outcomes,Coronary heart disease among adults aged >=18 years,%,Crude prevalence,4.1,3.9,4.3,"25,000",POINT (-80.8847801 35.47288109),3714700,HLTHOUT,CHD,CrdPrv,Coronary Heart Disease
2018,NC,North Carolina,Cornelius,BRFSS,Prevention,Cervical cancer screening among adult women aged 21-65 years,%,Crude prevalence,89.5,88.8,90.2,"25,000",POINT (-80.8847801 35.47288109),3714700,PREVENT,CERVICAL,CrdPrv,Cervical Cancer Screening
2019,NC,North Carolina,Cornelius,BRFSS,Health Risk Behaviors,No leisure-time physical activity among adults aged >=18 years,%,Age-adjusted prevalence,17,16.1,18.1,"25,000",POINT (-80.8847801 35.47288109),3714700,RISKBEH,LPA,AgeAdjPrv,Physical Inactivity
2019,NC,North Carolina,Cornelius,BRFSS,Health Outcomes,Depression among adults aged >=18 years,%,Age-adjusted prevalence,22.4,21.8,23,"25,000",POINT (-80.8847801 35.47288109),3714700,HLTHOUT,DEPRESSION,AgeAdjPrv,Depression
2018,NC,North Carolina,Cornelius,BRFSS,Prevention,Cervical cancer screening among adult women aged 21-65 years,%,Age-adjusted prevalence,89.2,88.4,90,"25,000",POINT (-80.8847801 35.47288109),3714700,PREVENT,CERVICAL,AgeAdjPrv,Cervical Cancer Screening
2019,NC,North Carolina,Cornelius,BRFSS,Prevention,Taking medicine for high blood pressure control among adults aged >=18 years with high blood pressure,%,Age-adjusted prevalence,54.1,53.6,54.6,"25,000",POINT (-80.8847801 35.47288109),3714700,PREVENT,BPMED,AgeAdjPrv,Taking BP Medication
2018,NC,North Carolina,Cornelius,BRFSS,Health Outcomes,All teeth lost among adults aged >=65 years,%,Crude prevalence,7.2,5.8,8.9,"25,000",POINT (-80.8847801 35.47288109),3714700,HLTHOUT,TEETHLOST,CrdPrv,All Teeth Lost
2019,NC,North Carolina,Cornelius,BRFSS,Health Outcomes,Depression among adults aged >=18 years,%,Crude prevalence,22.8,22.2,23.4,"25,000",POINT (-80.8847801 35.47288109),3714700,HLTHOUT,DEPRESSION,CrdPrv,Depression
2019,NC,North Carolina,Cornelius,BRFSS,Health Outcomes,Obesity among adults aged >=18 years,%,Age-adjusted prevalence,24.4,23.8,25,"25,000",POINT (-80.8847801 35.47288109),3714700,HLTHOUT,OBESITY,AgeAdjPrv,Obesity
2019,NC,North Carolina,Cornelius,BRFSS,Health Outcomes,Cancer (excluding skin cancer) among adults aged >=18 years,%,Crude prevalence,6.3,6.2,6.5,"25,000",POINT (-80.8847801 35.47288109),3714700,HLTHOUT,CANCER,CrdPrv,Cancer (except skin)
2019,NC,North Carolina,Cornelius,BRFSS,Health Outcomes,Chronic kidney disease among adults aged >=18 years,%,Crude prevalence,2.1,2,2.2,"25,000",POINT (-80.8847801 35.47288109),3714700,HLTHOUT,KIDNEY,CrdPrv,Chronic Kidney Disease
2018,NC,North Carolina,Cornelius,BRFSS,Health Risk Behaviors,Sleeping less than 7 hours among adults aged >=18 years,%,Age-adjusted prevalence,30.9,30.1,31.6,"25,000",POINT (-80.8847801 35.47288109),3714700,RISKBEH,SLEEP,AgeAdjPrv,Sleep <7 hours
2019,NC,North Carolina,Cornelius,BRFSS,Health Outcomes,Cancer (excluding skin cancer) among adults aged >=18 years,%,Age-adjusted prevalence,6.7,6.6,6.9,"25,000",POINT (-80.8847801 35.47288109),3714700,HLTHOUT,CANCER,AgeAdjPrv,Cancer (except skin)
2019,NC,North Carolina,Cornelius,BRFSS,Health Outcomes,Chronic kidney disease among adults aged >=18 years,%,Age-adjusted prevalence,2.2,2.1,2.3,"25,000",POINT (-80.8847801 35.47288109),3714700,HLTHOUT,KIDNEY,AgeAdjPrv,Chronic Kidney Disease
2019,NC,North Carolina,Cornelius,BRFSS,Health Outcomes,High cholesterol among adults aged >=18 years who have been screened in the past 5 years,%,Crude prevalence,30.5,30,30.9,"25,000",POINT (-80.8847801 35.47288109),3714700,HLTHOUT,HIGHCHOL,CrdPrv,High Cholesterol
2021,NC,North Carolina,Cornelius,BRFSS,Health Risk Behaviors,Binge drinking among adults aged >=18 years,%,Age-adjusted prevalence,20.6,17.6,23.8,"25,000",POINT (-80.8847801 35.47288109),3714700,RISKBEH,BINGE,AgeAdjPrv,Binge Drinking
2021,NC,North Carolina,Cornelius,BRFSS,Health Risk Behaviors,Current smoking among adults aged >=18 years,%,Age-adjusted prevalence,10.6,8.9,12.6,"25,000",POINT (-80.8847801 35.47288109),3714700,RISKBEH,CSMOKING,AgeAdjPrv,Current Smoking
2021,NC,North Carolina,Cornelius,BRFSS,Health Outcomes,Coronary heart disease among adults aged >=18 years,%,Crude prevalence,4.1,3.6,4.6,"25,000",POINT (-80.8847801 35.47288109),3714700,HLTHOUT,CHD,CrdPrv,Coronary Heart Disease
2020,NC,North Carolina,Cornelius,BRFSS,Prevention,Mammography use among women aged 50-74 years,%,Crude prevalence,80.7,79.1,82.3,"25,000",POINT (-80.8847801 35.47288109),3714700,PREVENT,MAMMOUSE,CrdPrv,Mammography
2021,NC,North Carolina,Cornelius,BRFSS,Disability,Independent living disability among adults aged >=18 years,%,Crude prevalence,4.9,4.2,5.5,"25,000",POINT (-80.8847801 35.47288109),3714700,DISABLT,INDEPLIVE,CrdPrv,Independent Living Disability
2021,NC,North Carolina,Cornelius,BRFSS,Health Outcomes,Obesity among adults aged >=18 years,%,Age-adjusted prevalence,29.5,25.2,34.2,"25,000",POINT (-80.8847801 35.47288109),3714700,HLTHOUT,OBESITY,AgeAdjPrv,Obesity
2021,NC,North Carolina,Cornelius,BRFSS,Prevention,Taking medicine for high blood pressure control among adults aged >=18 years with high blood pressure,%,Age-adjusted prevalence,57.3,52.8,61.8,"25,000",POINT (-80.8847801 35.47288109),3714700,PREVENT,BPMED,AgeAdjPrv,Taking BP Medication
2020,NC,North Carolina,Cornelius,BRFSS,Health Outcomes,All teeth lost among adults aged >=65 years,%,Age-adjusted prevalence,7.5,5.9,9.3,"25,000",POINT (-80.8847801 35.47288109),3714700,HLTHOUT,TEETHLOST,AgeAdjPrv,All Teeth Lost
2021,NC,North Carolina,Cornelius,BRFSS,Health Outcomes,Arthritis among adults aged >=18 years,%,Age-adjusted prevalence,20.6,18,23.4,"25,000",POINT (-80.8847801 35.47288109),3714700,HLTHOUT,ARTHRITIS,AgeAdjPrv,Arthritis
2021,NC,North Carolina,Cornelius,BRFSS,Health Outcomes,High cholesterol among adults aged >=18 years who have been screened in the past 5 years,%,Crude prevalence,32.4,29,36.1,"25,000",POINT (-80.8847801 35.47288109),3714700,HLTHOUT,HIGHCHOL,CrdPrv,High Cholesterol
2020,NC,North Carolina,Cornelius,BRFSS,Prevention,Visits to dentist or dental clinic among adults aged >=18 years,%,Age-adjusted prevalence,74,72.7,75.5,"25,000",POINT (-80.8847801 35.47288109),3714700,PREVENT,DENTAL,AgeAdjPrv,Dental Visit
2021,NC,North Carolina,Cornelius,BRFSS,Prevention,Visits to doctor for routine checkup within the past year among adults aged >=18 years,%,Crude prevalence,74.9,71,78.5,"25,000",POINT (-80.8847801 35.47288109),3714700,PREVENT,CHECKUP,CrdPrv,Annual Checkup
2020,NC,North Carolina,Cornelius,BRFSS,Health Outcomes,All teeth lost among adults aged >=65 years,%,Crude prevalence,7,5.5,8.8,"25,000",POINT (-80.8847801 35.47288109),3714700,HLTHOUT,TEETHLOST,CrdPrv,All Teeth Lost
2021,NC,North Carolina,Cornelius,BRFSS,Health Status,Mental health not good for >=14 days among adults aged >=18 years,%,Crude prevalence,13.4,11.6,15.1,"25,000",POINT (-80.8847801 35.47288109),3714700,HLTHSTAT,MHLTH,CrdPrv,Mental Health
2020,NC,North Carolina,Cornelius,BRFSS,Prevention,Cervical cancer screening among adult women aged 21-65 years,%,Crude prevalence,88.5,87.6,89.3,"25,000",POINT (-80.8847801 35.47288109),3714700,PREVENT,CERVICAL,CrdPrv,Cervical Cancer Screening
2021,NC,North Carolina,Cornelius,BRFSS,Health Outcomes,High cholesterol among adults aged >=18 years who have been screened in the past 5 years,%,Age-adjusted prevalence,30.8,27.3,34.5,"25,000",POINT (-80.8847801 35.47288109),3714700,HLTHOUT,HIGHCHOL,AgeAdjPrv,High Cholesterol
2021,NC,North Carolina,Cornelius,BRFSS,Health Status,Fair or poor self-rated health status among adults aged >=18 years,%,Crude prevalence,9.1,7.8,10.4,"25,000",POINT (-80.8847801 35.47288109),3714700,HLTHSTAT,GHLTH,CrdPrv,General Health
2021,NC,North Carolina,Cornelius,BRFSS,Health Outcomes,Chronic obstructive pulmonary disease among adults aged >=18 years,%,Age-adjusted prevalence,4.5,3.9,5.1,"25,000",POINT (-80.8847801 35.47288109),3714700,HLTHOUT,COPD,AgeAdjPrv,COPD
2021,NC,North Carolina,Cornelius,BRFSS,Health Outcomes,Cancer (excluding skin cancer) among adults aged >=18 years,%,Crude prevalence,6,5.5,6.5,"25,000",POINT (-80.8847801 35.47288109),3714700,HLTHOUT,CANCER,CrdPrv,Cancer (except skin)
2021,NC,North Carolina,Cornelius,BRFSS,Health Risk Behaviors,No leisure-time physical activity among adults aged >=18 years,%,Crude prevalence,15,12.6,17.7,"25,000",POINT (-80.8847801 35.47288109),3714700,RISKBEH,LPA,CrdPrv,Physical Inactivity
2021,NC,North Carolina,Cornelius,BRFSS,Prevention,Taking medicine for high blood pressure control among adults aged >=18 years with high blood pressure,%,Crude prevalence,72.7,68.9,76.2,"25,000",POINT (-80.8847801 35.47288109),3714700,PREVENT,BPMED,CrdPrv,Taking BP Medication
2021,NC,North Carolina,Cornelius,BRFSS,Disability,Any disability among adults aged >=18 years,%,Crude prevalence,21.3,18.6,24.2,"25,000",POINT (-80.8847801 35.47288109),3714700,DISABLT,DISABILITY,CrdPrv,Any Disability
2021,NC,North Carolina,Cornelius,BRFSS,Prevention,Current lack of health insurance among adults aged 18-64 years,%,Crude prevalence,7.9,6.7,9.3,"25,000",POINT (-80.8847801 35.47288109),3714700,PREVENT,ACCESS2,CrdPrv,Health Insurance
2021,NC,North Carolina,Cornelius,BRFSS,Health Risk Behaviors,Current smoking among adults aged >=18 years,%,Crude prevalence,11.4,9.5,13.6,"25,000",POINT (-80.8847801 35.47288109),3714700,RISKBEH,CSMOKING,CrdPrv,Current Smoking
2021,NC,North Carolina,Cornelius,BRFSS,Health Outcomes,Chronic kidney disease among adults aged >=18 years,%,Age-adjusted prevalence,2.4,2.2,2.6,"25,000",POINT (-80.8847801 35.47288109),3714700,HLTHOUT,KIDNEY,AgeAdjPrv,Chronic Kidney Disease
2021,NC,North Carolina,Cornelius,BRFSS,Health Outcomes,Obesity among adults aged >=18 years,%,Crude prevalence,30.7,26.2,35.5,"25,000",POINT (-80.8847801 35.47288109),3714700,HLTHOUT,OBESITY,CrdPrv,Obesity
2021,NC,North Carolina,Cornelius,BRFSS,Prevention,Visits to doctor for routine checkup within the past year among adults aged >=18 years,%,Age-adjusted prevalence,75.2,71.4,78.7,"25,000",POINT (-80.8847801 35.47288109),3714700,PREVENT,CHECKUP,AgeAdjPrv,Annual Checkup
2021,NC,North Carolina,Cornelius,BRFSS,Disability,Mobility disability among adults aged >=18 years,%,Age-adjusted prevalence,9.2,8,10.5,"25,000",POINT (-80.8847801 35.47288109),3714700,DISABLT,MOBILITY,AgeAdjPrv,Mobility Disability
2021,NC,North Carolina,Cornelius,BRFSS,Health Outcomes,Depression among adults aged >=18 years,%,Age-adjusted prevalence,21.6,18.7,24.8,"25,000",POINT (-80.8847801 35.47288109),3714700,HLTHOUT,DEPRESSION,AgeAdjPrv,Depression
2020,NC,North Carolina,Cornelius,BRFSS,Prevention,Cervical cancer screening among adult women aged 21-65 years,%,Age-adjusted prevalence,88.1,87.2,88.9,"25,000",POINT (-80.8847801 35.47288109),3714700,PREVENT,CERVICAL,AgeAdjPrv,Cervical Cancer Screening
2021,NC,North Carolina,Cornelius,BRFSS,Prevention,Cholesterol screening among adults aged >=18 years,%,Age-adjusted prevalence,87.5,85.4,89.4,"25,000",POINT (-80.8847801 35.47288109),3714700,PREVENT,CHOLSCREEN,AgeAdjPrv,Cholesterol Screening
2021,NC,North Carolina,Cornelius,BRFSS,Health Outcomes,Arthritis among adults aged >=18 years,%,Crude prevalence,20.5,17.8,23.4,"25,000",POINT (-80.8847801 35.47288109),3714700,HLTHOUT,ARTHRITIS,CrdPrv,Arthritis
2020,NC,North Carolina,Cornelius,BRFSS,Prevention,"Older adult women aged >=65 years who are up to date on a core set of clinical preventive services: Flu shot past year, PPV shot ever, Colorectal cancer screening, and Mammogram past 2 years",%,Crude prevalence,54.6,51.1,57.9,"25,000",POINT (-80.8847801 35.47288109),3714700,PREVENT,COREW,CrdPrv,Core preventive services for older women
2021,NC,North Carolina,Cornelius,BRFSS,Health Status,Mental health not good for >=14 days among adults aged >=18 years,%,Age-adjusted prevalence,13.3,11.8,15.1,"25,000",POINT (-80.8847801 35.47288109),3714700,HLTHSTAT,MHLTH,AgeAdjPrv,Mental Health
2020,NC,North Carolina,Cornelius,BRFSS,Prevention,"Fecal occult blood test, sigmoidoscopy, or colonoscopy among adults aged 50-75 years",%,Age-adjusted prevalence,76.6,75.2,77.8,"25,000",POINT (-80.8847801 35.47288109),3714700,PREVENT,COLON_SCREEN,AgeAdjPrv,Colorectal Cancer Screening
2021,NC,North Carolina,Cornelius,BRFSS,Disability,Vision disability among adults aged >=18 years,%,Crude prevalence,2.9,2.6,3.2,"25,000",POINT (-80.8847801 35.47288109),3714700,DISABLT,VISION,CrdPrv,Vision Disability
2021,NC,North Carolina,Cornelius,BRFSS,Prevention,Cholesterol screening among adults aged >=18 years,%,Crude prevalence,88.1,86.1,90,"25,000",POINT (-80.8847801 35.47288109),3714700,PREVENT,CHOLSCREEN,CrdPrv,Cholesterol Screening
2021,NC,North Carolina,Cornelius,BRFSS,Prevention,Current lack of health insurance among adults aged 18-64 years,%,Age-adjusted prevalence,8,6.8,9.4,"25,000",POINT (-80.8847801 35.47288109),3714700,PREVENT,ACCESS2,AgeAdjPrv,Health Insurance
2021,NC,North Carolina,Cornelius,BRFSS,Health Outcomes,Current asthma among adults aged >=18 years,%,Crude prevalence,8.9,7.9,10,"25,000",POINT (-80.8847801 35.47288109),3714700,HLTHOUT,CASTHMA,CrdPrv,Current Asthma
2021,NC,North Carolina,Cornelius,BRFSS,Disability,Hearing disability among adults aged >=18 years,%,Crude prevalence,5.3,4.7,6,"25,000",POINT (-80.8847801 35.47288109),3714700,DISABLT,HEARING,CrdPrv,Hearing Disability
2021,NC,North Carolina,Cornelius,BRFSS,Disability,Cognitive disability among adults ages >=18 years,%,Crude prevalence,9.5,8.3,10.9,"25,000",POINT (-80.8847801 35.47288109),3714700,DISABLT,COGNITION,CrdPrv,Cognitive Disability
2020,NC,North Carolina,Cornelius,BRFSS,Prevention,"Older adult men aged >=65 years who are up to date on a core set of clinical preventive services: Flu shot past year, PPV shot ever, Colorectal cancer screening",%,Age-adjusted prevalence,59.1,55.4,62.5,"25,000",POINT (-80.8847801 35.47288109),3714700,PREVENT,COREM,AgeAdjPrv,Core preventive services for older men
2021,NC,North Carolina,Cornelius,BRFSS,Disability,Self-care disability among adults aged >=18 years,%,Age-adjusted prevalence,2.2,2,2.5,"25,000",POINT (-80.8847801 35.47288109),3714700,DISABLT,SELFCARE,AgeAdjPrv,Self-care Disability
2021,NC,North Carolina,Cornelius,BRFSS,Health Outcomes,Stroke among adults aged >=18 years,%,Age-adjusted prevalence,2.2,2,2.4,"25,000",POINT (-80.8847801 35.47288109),3714700,HLTHOUT,STROKE,AgeAdjPrv,Stroke
2020,NC,North Carolina,Cornelius,BRFSS,Health Risk Behaviors,Sleeping less than 7 hours among adults aged >=18 years,%,Age-adjusted prevalence,27.7,27,28.3,"25,000",POINT (-80.8847801 35.47288109),3714700,RISKBEH,SLEEP,AgeAdjPrv,Sleep <7 hours
2021,NC,North Carolina,Cornelius,BRFSS,Health Outcomes,High blood pressure among adults aged >=18 years,%,Age-adjusted prevalence,25.7,22.8,28.8,"25,000",POINT (-80.8847801 35.47288109),3714700,HLTHOUT,BPHIGH,AgeAdjPrv,High Blood Pressure
2021,NC,North Carolina,Cornelius,BRFSS,Health Outcomes,Diagnosed diabetes among adults aged >=18 years,%,Age-adjusted prevalence,7.7,6.6,8.9,"25,000",POINT (-80.8847801 35.47288109),3714700,HLTHOUT,DIABETES,AgeAdjPrv,Diabetes
2021,NC,North Carolina,Cornelius,BRFSS,Health Outcomes,Chronic kidney disease among adults aged >=18 years,%,Crude prevalence,2.2,2.1,2.4,"25,000",POINT (-80.8847801 35.47288109),3714700,HLTHOUT,KIDNEY,CrdPrv,Chronic Kidney Disease
2021,NC,North Carolina,Cornelius,BRFSS,Health Risk Behaviors,No leisure-time physical activity among adults aged >=18 years,%,Age-adjusted prevalence,15.1,12.8,17.7,"25,000",POINT (-80.8847801 35.47288109),3714700,RISKBEH,LPA,AgeAdjPrv,Physical Inactivity
2021,NC,North Carolina,Cornelius,BRFSS,Health Outcomes,Diagnosed diabetes among adults aged >=18 years,%,Crude prevalence,7.7,6.6,8.9,"25,000",POINT (-80.8847801 35.47288109),3714700,HLTHOUT,DIABETES,CrdPrv,Diabetes
2021,NC,North Carolina,Cornelius,BRFSS,Disability,Cognitive disability among adults ages >=18 years,%,Age-adjusted prevalence,9.6,8.4,10.9,"25,000",POINT (-80.8847801 35.47288109),3714700,DISABLT,COGNITION,AgeAdjPrv,Cognitive Disability
2021,NC,North Carolina,Cornelius,BRFSS,Disability,Self-care disability among adults aged >=18 years,%,Crude prevalence,2.2,2,2.5,"25,000",POINT (-80.8847801 35.47288109),3714700,DISABLT,SELFCARE,CrdPrv,Self-care Disability
2020,NC,North Carolina,Cornelius,BRFSS,Prevention,"Older adult men aged >=65 years who are up to date on a core set of clinical preventive services: Flu shot past year, PPV shot ever, Colorectal cancer screening",%,Crude prevalence,58.2,54,61.9,"25,000",POINT (-80.8847801 35.47288109),3714700,PREVENT,COREM,CrdPrv,Core preventive services for older men
2021,NC,North Carolina,Cornelius,BRFSS,Health Outcomes,High blood pressure among adults aged >=18 years,%,Crude prevalence,25.5,22.6,28.6,"25,000",POINT (-80.8847801 35.47288109),3714700,HLTHOUT,BPHIGH,CrdPrv,High Blood Pressure
2020,NC,North Carolina,Cornelius,BRFSS,Prevention,Mammography use among women aged 50-74 years,%,Age-adjusted prevalence,78.6,76.8,80.3,"25,000",POINT (-80.8847801 35.47288109),3714700,PREVENT,MAMMOUSE,AgeAdjPrv,Mammography
2021,NC,North Carolina,Cornelius,BRFSS,Health Outcomes,Current asthma among adults aged >=18 years,%,Age-adjusted prevalence,8.8,7.8,9.9,"25,000",POINT (-80.8847801 35.47288109),3714700,HLTHOUT,CASTHMA,AgeAdjPrv,Current Asthma
2020,NC,North Carolina,Cornelius,BRFSS,Health Risk Behaviors,Sleeping less than 7 hours among adults aged >=18 years,%,Crude prevalence,28.4,27.6,29,"25,000",POINT (-80.8847801 35.47288109),3714700,RISKBEH,SLEEP,CrdPrv,Sleep <7 hours
2020,NC,North Carolina,Cornelius,BRFSS,Prevention,Visits to dentist or dental clinic among adults aged >=18 years,%,Crude prevalence,73.7,72.2,75.1,"25,000",POINT (-80.8847801 35.47288109),3714700,PREVENT,DENTAL,CrdPrv,Dental Visit
2021,NC,North Carolina,Cornelius,BRFSS,Disability,Independent living disability among adults aged >=18 years,%,Age-adjusted prevalence,5,4.4,5.6,"25,000",POINT (-80.8847801 35.47288109),3714700,DISABLT,INDEPLIVE,AgeAdjPrv,Independent Living Disability
2021,NC,North Carolina,Cornelius,BRFSS,Health Risk Behaviors,Binge drinking among adults aged >=18 years,%,Crude prevalence,21,18,24.2,"25,000",POINT (-80.8847801 35.47288109),3714700,RISKBEH,BINGE,CrdPrv,Binge Drinking
2021,NC,North Carolina,Cornelius,BRFSS,Health Outcomes,Depression among adults aged >=18 years,%,Crude prevalence,21.9,18.9,25.1,"25,000",POINT (-80.8847801 35.47288109),3714700,HLTHOUT,DEPRESSION,CrdPrv,Depression
2021,NC,North Carolina,Cornelius,BRFSS,Disability,Mobility disability among adults aged >=18 years,%,Crude prevalence,8.9,7.7,10.2,"25,000",POINT (-80.8847801 35.47288109),3714700,DISABLT,MOBILITY,CrdPrv,Mobility Disability
2021,NC,North Carolina,Cornelius,BRFSS,Disability,Vision disability among adults aged >=18 years,%,Age-adjusted prevalence,2.9,2.6,3.3,"25,000",POINT (-80.8847801 35.47288109),3714700,DISABLT,VISION,AgeAdjPrv,Vision Disability
2021,NC,North Carolina,Cornelius,BRFSS,Disability,Any disability among adults aged >=18 years,%,Age-adjusted prevalence,22.1,19.4,25,"25,000",POINT (-80.8847801 35.47288109),3714700,DISABLT,DISABILITY,AgeAdjPrv,Any Disability
2021,NC,North Carolina,Cornelius,BRFSS,Health Outcomes,Chronic obstructive pulmonary disease among adults aged >=18 years,%,Crude prevalence,4.5,3.9,5.2,"25,000",POINT (-80.8847801 35.47288109),3714700,HLTHOUT,COPD,CrdPrv,COPD
2021,NC,North Carolina,Cornelius,BRFSS,Health Outcomes,Stroke among adults aged >=18 years,%,Crude prevalence,2.1,1.9,2.3,"25,000",POINT (-80.8847801 35.47288109),3714700,HLTHOUT,STROKE,CrdPrv,Stroke
2020,NC,North Carolina,Cornelius,BRFSS,Prevention,"Older adult women aged >=65 years who are up to date on a core set of clinical preventive services: Flu shot past year, PPV shot ever, Colorectal cancer screening, and Mammogram past 2 years",%,Age-adjusted prevalence,54.3,51.1,57.5,"25,000",POINT (-80.8847801 35.47288109),3714700,PREVENT,COREW,AgeAdjPrv,Core preventive services for older women
2021,NC,North Carolina,Cornelius,BRFSS,Health Status,Physical health not good for >=14 days among adults aged >=18 years,%,Age-adjusted prevalence,8,7,9.2,"25,000",POINT (-80.8847801 35.47288109),3714700,HLTHSTAT,PHLTH,AgeAdjPrv,Physical Health
2021,NC,North Carolina,Cornelius,BRFSS,Health Outcomes,Cancer (excluding skin cancer) among adults aged >=18 years,%,Age-adjusted prevalence,6.4,5.8,7,"25,000",POINT (-80.8847801 35.47288109),3714700,HLTHOUT,CANCER,AgeAdjPrv,Cancer (except skin)
2021,NC,North Carolina,Cornelius,BRFSS,Health Status,Fair or poor self-rated health status among adults aged >=18 years,%,Age-adjusted prevalence,9,7.9,10.3,"25,000",POINT (-80.8847801 35.47288109),3714700,HLTHSTAT,GHLTH,AgeAdjPrv,General Health
2020,NC,North Carolina,Cornelius,BRFSS,Prevention,"Fecal occult blood test, sigmoidoscopy, or colonoscopy among adults aged 50-75 years",%,Crude prevalence,76.1,74.8,77.4,"25,000",POINT (-80.8847801 35.47288109),3714700,PREVENT,COLON_SCREEN,CrdPrv,Colorectal Cancer Screening
2021,NC,North Carolina,Cornelius,BRFSS,Disability,Hearing disability among adults aged >=18 years,%,Age-adjusted prevalence,5.8,5.2,6.5,"25,000",POINT (-80.8847801 35.47288109),3714700,DISABLT,HEARING,AgeAdjPrv,Hearing Disability
2021,NC,North Carolina,Cornelius,BRFSS,Health Outcomes,Coronary heart disease among adults aged >=18 years,%,Age-adjusted prevalence,4.4,3.9,4.9,"25,000",POINT (-80.8847801 35.47288109),3714700,HLTHOUT,CHD,AgeAdjPrv,Coronary Heart Disease
2021,NC,North Carolina,Cornelius,BRFSS,Health Status,Physical health not good for >=14 days among adults aged >=18 years,%,Crude prevalence,8.1,7.1,9.2,"25,000",POINT (-80.8847801 35.47288109),3714700,HLTHSTAT,PHLTH,CrdPrv,Physical Health
2023,NC,North Carolina,Cornelius,BRFSS,Disability,Cognitive disability among adults,%,Age-adjusted prevalence,11.3,9.9,12.7,"31,412",POINT (-80.8813294 35.4732344),3714700,DISABLT,COGNITION,AgeAdjPrv,Cognitive Disability
2023,NC,North Carolina,Cornelius,BRFSS,Disability,Cognitive disability among adults,%,Crude prevalence,10.6,9.3,11.9,"31,412",POINT (-80.8813294 35.4732344),3714700,DISABLT,COGNITION,CrdPrv,Cognitive Disability
2023,NC,North Carolina,Cornelius,BRFSS,Disability,Any disability among adults,%,Age-adjusted prevalence,23,19.9,26.2,"31,412",POINT (-80.8813294 35.4732344),3714700,DISABLT,DISABILITY,AgeAdjPrv,Any Disability
2023,NC,North Carolina,Cornelius,BRFSS,Disability,Any disability among adults,%,Crude prevalence,23.8,20.6,27,"31,412",POINT (-80.8813294 35.4732344),3714700,DISABLT,DISABILITY,CrdPrv,Any Disability
2023,NC,North Carolina,Cornelius,BRFSS,Disability,Hearing disability among adults,%,Age-adjusted prevalence,5.4,4.7,6,"31,412",POINT (-80.8813294 35.4732344),3714700,DISABLT,HEARING,AgeAdjPrv,Hearing Disability
2023,NC,North Carolina,Cornelius,BRFSS,Disability,Hearing disability among adults,%,Crude prevalence,6,5.3,6.7,"31,412",POINT (-80.8813294 35.4732344),3714700,DISABLT,HEARING,CrdPrv,Hearing Disability
2023,NC,North Carolina,Cornelius,BRFSS,Disability,Independent living disability among adults,%,Age-adjusted prevalence,5.3,4.7,5.9,"31,412",POINT (-80.8813294 35.4732344),3714700,DISABLT,INDEPLIVE,AgeAdjPrv,Independent Living Disability
2023,NC,North Carolina,Cornelius,BRFSS,Disability,Independent living disability among adults,%,Crude prevalence,5.3,4.7,5.9,"31,412",POINT (-80.8813294 35.4732344),3714700,DISABLT,INDEPLIVE,CrdPrv,Independent Living Disability
2023,NC,North Carolina,Cornelius,BRFSS,Disability,Mobility disability among adults,%,Age-adjusted prevalence,8.1,7,9.3,"31,412",POINT (-80.8813294 35.4732344),3714700,DISABLT,MOBILITY,AgeAdjPrv,Mobility Disability
2023,NC,North Carolina,Cornelius,BRFSS,Disability,Mobility disability among adults,%,Crude prevalence,9.4,8.1,10.8,"31,412",POINT (-80.8813294 35.4732344),3714700,DISABLT,MOBILITY,CrdPrv,Mobility Disability
2023,NC,North Carolina,Cornelius,BRFSS,Disability,Self-care disability among adults,%,Age-adjusted prevalence,2.2,2,2.4,"31,412",POINT (-80.8813294 35.4732344),3714700,DISABLT,SELFCARE,AgeAdjPrv,Self-care Disability
2023,NC,North Carolina,Cornelius,BRFSS,Disability,Self-care disability among adults,%,Crude prevalence,2.4,2.2,2.7,"31,412",POINT (-80.8813294 35.4732344),3714700,DISABLT,SELFCARE,CrdPrv,Self-care Disability
2023,NC,North Carolina,Cornelius,BRFSS,Disability,Vision disability among adults,%,Age-adjusted prevalence,2.9,2.7,3.2,"31,412",POINT (-80.8813294 35.4732344),3714700,DISABLT,VISION,AgeAdjPrv,Vision Disability
2023,NC,North Carolina,Cornelius,BRFSS,Disability,Vision disability among adults,%,Crude prevalence,3.1,2.8,3.4,"31,412",POINT (-80.8813294 35.4732344),3714700,DISABLT,VISION,CrdPrv,Vision Disability
2023,NC,North Carolina,Cornelius,BRFSS,Health Outcomes,Arthritis among adults,%,Age-adjusted prevalence,21.1,18.5,23.7,"31,412",POINT (-80.8813294 35.4732344),3714700,HLTHOUT,ARTHRITIS,AgeAdjPrv,Arthritis
2023,NC,North Carolina,Cornelius,BRFSS,Health Outcomes,Arthritis among adults,%,Crude prevalence,24.9,21.9,27.8,"31,412",POINT (-80.8813294 35.4732344),3714700,HLTHOUT,ARTHRITIS,CrdPrv,Arthritis
2023,NC,North Carolina,Cornelius,BRFSS,Health Outcomes,High blood pressure among adults,%,Age-adjusted prevalence,26.1,22.9,29.2,"31,412",POINT (-80.8813294 35.4732344),3714700,HLTHOUT,BPHIGH,AgeAdjPrv,High Blood Pressure
2023,NC,North Carolina,Cornelius,BRFSS,Health Outcomes,High blood pressure among adults,%,Crude prevalence,29.9,26.4,33.4,"31,412",POINT (-80.8813294 35.4732344),3714700,HLTHOUT,BPHIGH,CrdPrv,High Blood Pressure
2023,NC,North Carolina,Cornelius,BRFSS,Health Outcomes,Cancer (non-skin) or melanoma among adults,%,Age-adjusted prevalence,7.7,6.9,8.4,"31,412",POINT (-80.8813294 35.4732344),3714700,HLTHOUT,CANCER,AgeAdjPrv,Cancer (non-skin) or Melanoma
2023,NC,North Carolina,Cornelius,BRFSS,Health Outcomes,Cancer (non-skin) or melanoma among adults,%,Crude prevalence,9.2,8.3,10.1,"31,412",POINT (-80.8813294 35.4732344),3714700,HLTHOUT,CANCER,CrdPrv,Cancer (non-skin) or Melanoma
2023,NC,North Carolina,Cornelius,BRFSS,Health Outcomes,Current asthma among adults,%,Age-adjusted prevalence,9.9,8.6,11.1,"31,412",POINT (-80.8813294 35.4732344),3714700,HLTHOUT,CASTHMA,AgeAdjPrv,Current Asthma
2023,NC,North Carolina,Cornelius,BRFSS,Health Outcomes,Current asthma among adults,%,Crude prevalence,9.9,8.7,11.2,"31,412",POINT (-80.8813294 35.4732344),3714700,HLTHOUT,CASTHMA,CrdPrv,Current Asthma
2023,NC,North Carolina,Cornelius,BRFSS,Health Outcomes,Coronary heart disease among adults,%,Age-adjusted prevalence,4.2,3.8,4.7,"31,412",POINT (-80.8813294 35.4732344),3714700,HLTHOUT,CHD,AgeAdjPrv,Coronary Heart Disease
2023,NC,North Carolina,Cornelius,BRFSS,Health Outcomes,Coronary heart disease among adults,%,Crude prevalence,5,4.5,5.6,"31,412",POINT (-80.8813294 35.4732344),3714700,HLTHOUT,CHD,CrdPrv,Coronary Heart Disease
2023,NC,North Carolina,Cornelius,BRFSS,Health Outcomes,Chronic obstructive pulmonary disease among adults,%,Age-adjusted prevalence,4.1,3.6,4.6,"31,412",POINT (-80.8813294 35.4732344),3714700,HLTHOUT,COPD,AgeAdjPrv,COPD
2023,NC,North Carolina,Cornelius,BRFSS,Health Outcomes,Chronic obstructive pulmonary disease among adults,%,Crude prevalence,4.7,4.2,5.3,"31,412",POINT (-80.8813294 35.4732344),3714700,HLTHOUT,COPD,CrdPrv,COPD
2023,NC,North Carolina,Cornelius,BRFSS,Health Outcomes,Depression among adults,%,Age-adjusted prevalence,24.6,21.1,28,"31,412",POINT (-80.8813294 35.4732344),3714700,HLTHOUT,DEPRESSION,AgeAdjPrv,Depression
2023,NC,North Carolina,Cornelius,BRFSS,Health Outcomes,Depression among adults,%,Crude prevalence,23.7,20.4,27.1,"31,412",POINT (-80.8813294 35.4732344),3714700,HLTHOUT,DEPRESSION,CrdPrv,Depression
2023,NC,North Carolina,Cornelius,BRFSS,Health Outcomes,Diagnosed diabetes among adults,%,Age-adjusted prevalence,7.1,6,8.1,"31,412",POINT (-80.8813294 35.4732344),3714700,HLTHOUT,DIABETES,AgeAdjPrv,Diabetes
2023,NC,North Carolina,Cornelius,BRFSS,Health Outcomes,Diagnosed diabetes among adults,%,Crude prevalence,8.6,7.3,9.8,"31,412",POINT (-80.8813294 35.4732344),3714700,HLTHOUT,DIABETES,CrdPrv,Diabetes
2023,NC,North Carolina,Cornelius,BRFSS,Health Outcomes,High cholesterol among adults who have ever been screened,%,Age-adjusted prevalence,30.1,26.4,33.8,"31,412",POINT (-80.8813294 35.4732344),3714700,HLTHOUT,HIGHCHOL,AgeAdjPrv,High Cholesterol
2023,NC,North Carolina,Cornelius,BRFSS,Health Outcomes,High cholesterol among adults who have ever been screened,%,Crude prevalence,35.1,31.1,38.9,"31,412",POINT (-80.8813294 35.4732344),3714700,HLTHOUT,HIGHCHOL,CrdPrv,High Cholesterol
2023,NC,North Carolina,Cornelius,BRFSS,Health Outcomes,Obesity among adults,%,Age-adjusted prevalence,25.1,20.6,29.8,"31,412",POINT (-80.8813294 35.4732344),3714700,HLTHOUT,OBESITY,AgeAdjPrv,Obesity
2023,NC,North Carolina,Cornelius,BRFSS,Health Outcomes,Obesity among adults,%,Crude prevalence,25.8,21.1,30.6,"31,412",POINT (-80.8813294 35.4732344),3714700,HLTHOUT,OBESITY,CrdPrv,Obesity
2023,NC,North Carolina,Cornelius,BRFSS,Health Outcomes,Stroke among adults,%,Age-adjusted prevalence,2.2,2,2.4,"31,412",POINT (-80.8813294 35.4732344),3714700,HLTHOUT,STROKE,AgeAdjPrv,Stroke
2023,NC,North Carolina,Cornelius,BRFSS,Health Outcomes,Stroke among adults,%,Crude prevalence,2.6,2.3,2.8,"31,412",POINT (-80.8813294 35.4732344),3714700,HLTHOUT,STROKE,CrdPrv,Stroke
2023,NC,North Carolina,Cornelius,BRFSS,Health Status,Fair or poor self-rated health status among adults,%,Age-adjusted prevalence,11.2,9.7,12.8,"31,412",POINT (-80.8813294 35.4732344),3714700,HLTHSTAT,GHLTH,AgeAdjPrv,General Health
2023,NC,North Carolina,Cornelius,BRFSS,Health Status,Fair or poor self-rated health status among adults,%,Crude prevalence,11.9,10.3,13.5,"31,412",POINT (-80.8813294 35.4732344),3714700,HLTHSTAT,GHLTH,CrdPrv,General Health
2023,NC,North Carolina,Cornelius,BRFSS,Health Status,Frequent mental distress among adults,%,Age-adjusted prevalence,14.7,12.9,16.5,"31,412",POINT (-80.8813294 35.4732344),3714700,HLTHSTAT,MHLTH,AgeAdjPrv,Frequent Mental Distress
2023,NC,North Carolina,Cornelius,BRFSS,Health Status,Frequent mental distress among adults,%,Crude prevalence,13.7,12,15.4,"31,412",POINT (-80.8813294 35.4732344),3714700,HLTHSTAT,MHLTH,CrdPrv,Frequent Mental Distress
2023,NC,North Carolina,Cornelius,BRFSS,Health Status,Frequent physical distress among adults,%,Age-adjusted prevalence,9.1,8,10.3,"31,412",POINT (-80.8813294 35.4732344),3714700,HLTHSTAT,PHLTH,AgeAdjPrv,Frequent Physical Distress
2023,NC,North Carolina,Cornelius,BRFSS,Health Status,Frequent physical distress among adults,%,Crude prevalence,9.9,8.6,11.1,"31,412",POINT (-80.8813294 35.4732344),3714700,HLTHSTAT,PHLTH,CrdPrv,Frequent Physical Distress
2023,NC,North Carolina,Cornelius,BRFSS,Prevention,Current lack of health insurance among adults aged 18-64 years,%,Age-adjusted prevalence,6.8,5.9,7.9,"31,412",POINT (-80.8813294 35.4732344),3714700,PREVENT,ACCESS2,AgeAdjPrv,Health Insurance
2023,NC,North Carolina,Cornelius,BRFSS,Prevention,Current lack of health insurance among adults aged 18-64 years,%,Crude prevalence,6.3,5.4,7.3,"31,412",POINT (-80.8813294 35.4732344),3714700,PREVENT,ACCESS2,CrdPrv,Health Insurance
2023,NC,North Carolina,Cornelius,BRFSS,Prevention,Taking medicine to control high blood pressure among adults with high blood pressure,%,Age-adjusted prevalence,55.8,51.1,60.3,"31,412",POINT (-80.8813294 35.4732344),3714700,PREVENT,BPMED,AgeAdjPrv,High Blood Pressure Medication
2023,NC,North Carolina,Cornelius,BRFSS,Prevention,Taking medicine to control high blood pressure among adults with high blood pressure,%,Crude prevalence,76.2,72.5,79.3,"31,412",POINT (-80.8813294 35.4732344),3714700,PREVENT,BPMED,CrdPrv,High Blood Pressure Medication
2023,NC,North Carolina,Cornelius,BRFSS,Prevention,Visits to doctor for routine checkup within the past year among adults,%,Age-adjusted prevalence,77.6,74,80.8,"31,412",POINT (-80.8813294 35.4732344),3714700,PREVENT,CHECKUP,AgeAdjPrv,Annual Checkup
2023,NC,North Carolina,Cornelius,BRFSS,Prevention,Visits to doctor for routine checkup within the past year among adults,%,Crude prevalence,79.9,76.6,82.8,"31,412",POINT (-80.8813294 35.4732344),3714700,PREVENT,CHECKUP,CrdPrv,Annual Checkup
2023,NC,North Carolina,Cornelius,BRFSS,Prevention,Cholesterol screening among adults,%,Age-adjusted prevalence,88.8,87.1,90.2,"31,412",POINT (-80.8813294 35.4732344),3714700,PREVENT,CHOLSCREEN,AgeAdjPrv,Cholesterol Screening
2023,NC,North Carolina,Cornelius,BRFSS,Prevention,Cholesterol screening among adults,%,Crude prevalence,90.7,89.3,91.9,"31,412",POINT (-80.8813294 35.4732344),3714700,PREVENT,CHOLSCREEN,CrdPrv,Cholesterol Screening
2023,NC,North Carolina,Cornelius,BRFSS,Health Risk Behaviors,Binge drinking among adults,%,Age-adjusted prevalence,18,15,21.2,"31,412",POINT (-80.8813294 35.4732344),3714700,RISKBEH,BINGE,AgeAdjPrv,Binge Drinking
2023,NC,North Carolina,Cornelius,BRFSS,Health Risk Behaviors,Binge drinking among adults,%,Crude prevalence,16.4,13.6,19.3,"31,412",POINT (-80.8813294 35.4732344),3714700,RISKBEH,BINGE,CrdPrv,Binge Drinking
2023,NC,North Carolina,Cornelius,BRFSS,Health Risk Behaviors,Current cigarette smoking among adults,%,Age-adjusted prevalence,8.6,7.3,10,"31,412",POINT (-80.8813294 35.4732344),3714700,RISKBEH,CSMOKING,AgeAdjPrv,Current Cigarette Smoking
2023,NC,North Carolina,Cornelius,BRFSS,Health Risk Behaviors,Current cigarette smoking among adults,%,Crude prevalence,8.7,7.4,10.1,"31,412",POINT (-80.8813294 35.4732344),3714700,RISKBEH,CSMOKING,CrdPrv,Current Cigarette Smoking
2023,NC,North Carolina,Cornelius,BRFSS,Health Risk Behaviors,No leisure-time physical activity among adults,%,Age-adjusted prevalence,15.3,12.7,18,"31,412",POINT (-80.8813294 35.4732344),3714700,RISKBEH,LPA,AgeAdjPrv,Physical Inactivity
2023,NC,North Carolina,Cornelius,BRFSS,Health Risk Behaviors,No leisure-time physical activity among adults,%,Crude prevalence,15.9,13.3,18.7,"31,412",POINT (-80.8813294 35.4732344),3714700,RISKBEH,LPA,CrdPrv,Physical Inactivity
2023,NC,North Carolina,Cornelius,BRFSS,Health-Related Social Needs,Lack of social and emotional support among adults,%,Age-adjusted prevalence,19.1,16.3,22.1,"31,412",POINT (-80.8813294 35.4732344),3714700,SOCLNEED,EMOTIONSPT,AgeAdjPrv,Lack of Social/Emotional Support
2023,NC,North Carolina,Cornelius,BRFSS,Health-Related Social Needs,Lack of social and emotional support among adults,%,Crude prevalence,18.5,15.8,21.4,"31,412",POINT (-80.8813294 35.4732344),3714700,SOCLNEED,EMOTIONSPT,CrdPrv,Lack of Social/Emotional Support
2023,NC,North Carolina,Cornelius,BRFSS,Health-Related Social Needs,Food insecurity in the past 12 months among adults,%,Age-adjusted prevalence,7.8,6.7,9.2,"31,412",POINT (-80.8813294 35.4732344),3714700,SOCLNEED,FOODINSECU,AgeAdjPrv,Food Insecurity
2023,NC,North Carolina,Cornelius,BRFSS,Health-Related Social Needs,Food insecurity in the past 12 months among adults,%,Crude prevalence,7.4,6.3,8.7,"31,412",POINT (-80.8813294 35.4732344),3714700,SOCLNEED,FOODINSECU,CrdPrv,Food Insecurity
2023,NC,North Carolina,Cornelius,BRFSS,Health-Related Social Needs,Received food stamps in the past 12 months among adults,%,Age-adjusted prevalence,5.3,4.5,6.3,"31,412",POINT (-80.8813294 35.4732344),3714700,SOCLNEED,FOODSTAMP,AgeAdjPrv,Food Stamps
2023,NC,North Carolina,Cornelius,BRFSS,Health-Related Social Needs,Received food stamps in the past 12 months among adults,%,Crude prevalence,5.1,4.3,6,"31,412",POINT (-80.8813294 35.4732344),3714700,SOCLNEED,FOODSTAMP,CrdPrv,Food Stamps
2023,NC,North Carolina,Cornelius,BRFSS,Health-Related Social Needs,Housing insecurity in the past 12 months among adults,%,Age-adjusted prevalence,7.4,6.4,8.6,"31,412",POINT (-80.8813294 35.4732344),3714700,SOCLNEED,HOUSINSECU,AgeAdjPrv,Housing Insecurity
2023,NC,North Carolina,Cornelius,BRFSS,Health-Related Social Needs,Housing insecurity in the past 12 months among adults,%,Crude prevalence,6.8,5.9,8,"31,412",POINT (-80.8813294 35.4732344),3714700,SOCLNEED,HOUSINSECU,CrdPrv,Housing Insecurity
2023,NC,North Carolina,Cornelius,BRFSS,Health-Related Social Needs,Lack of reliable transportation in the past 12 months among adults,%,Age-adjusted prevalence,5,4.4,5.7,"31,412",POINT (-80.8813294 35.4732344),3714700,SOCLNEED,LACKTRPT,AgeAdjPrv,Transportation Barriers
2023,NC,North Carolina,Cornelius,BRFSS,Health-Related Social Needs,Lack of reliable transportation in the past 12 months among adults,%,Crude prevalence,4.7,4.1,5.3,"31,412",POINT (-80.8813294 35.4732344),3714700,SOCLNEED,LACKTRPT,CrdPrv,Transportation Barriers
2023,NC,North Carolina,Cornelius,BRFSS,Health-Related Social Needs,Loneliness among adults,%,Age-adjusted prevalence,29.8,25.7,34.4,"31,412",POINT (-80.8813294 35.4732344),3714700,SOCLNEED,LONELINESS,AgeAdjPrv,Loneliness
2023,NC,North Carolina,Cornelius,BRFSS,Health-Related Social Needs,Loneliness among adults,%,Crude prevalence,28.3,24.3,32.6,"31,412",POINT (-80.8813294 35.4732344),3714700,SOCLNEED,LONELINESS,CrdPrv,Loneliness
2023,NC,North Carolina,Cornelius,BRFSS,Health-Related Social Needs,Utility services shut-off threat in the past 12 months among adults,%,Age-adjusted prevalence,4.8,4.2,5.6,"31,412",POINT (-80.8813294 35.4732344),3714700,SOCLNEED,SHUTUTILITY,AgeAdjPrv,Utility Services Threat
2023,NC,North Carolina,Cornelius,BRFSS,Health-Related Social Needs,Utility services shut-off threat in the past 12 months among adults,%,Crude prevalence,4.5,3.9,5.2,"31,412",POINT (-80.8813294 35.4732344),3714700,SOCLNEED,SHUTUTILITY,CrdPrv,Utility Services Threat
2018,NC,North Carolina,Davidson,BRFSS,Prevention,Cervical cancer screening among adult women aged 21-65 years,%,Age-adjusted prevalence,89.3,88.2,90.3,"11,040",POINT (-80.84681225 35.50068414),3716400,PREVENT,CERVICAL,AgeAdjPrv,Cervical Cancer Screening
2019,NC,North Carolina,Davidson,BRFSS,Health Outcomes,Obesity among adults aged >=18 years,%,Age-adjusted prevalence,24.3,23.5,25.1,"11,040",POINT (-80.84681225 35.50068414),3716400,HLTHOUT,OBESITY,AgeAdjPrv,Obesity
2019,NC,North Carolina,Davidson,BRFSS,Health Outcomes,Chronic obstructive pulmonary disease among adults aged >=18 years,%,Age-adjusted prevalence,4.7,4.2,5.2,"11,040",POINT (-80.84681225 35.50068414),3716400,HLTHOUT,COPD,AgeAdjPrv,COPD
2019,NC,North Carolina,Davidson,BRFSS,Health Outcomes,Chronic kidney disease among adults aged >=18 years,%,Crude prevalence,2.2,2.1,2.3,"11,040",POINT (-80.84681225 35.50068414),3716400,HLTHOUT,KIDNEY,CrdPrv,Chronic Kidney Disease
2019,NC,North Carolina,Davidson,BRFSS,Health Status,Physical health not good for >=14 days among adults aged >=18 years,%,Crude prevalence,8.7,8,9.4,"11,040",POINT (-80.84681225 35.50068414),3716400,HLTHSTAT,PHLTH,CrdPrv,Physical Health
2019,NC,North Carolina,Davidson,BRFSS,Health Risk Behaviors,Current smoking among adults aged >=18 years,%,Age-adjusted prevalence,12.6,11.2,14.4,"11,040",POINT (-80.84681225 35.50068414),3716400,RISKBEH,CSMOKING,AgeAdjPrv,Current Smoking
2018,NC,North Carolina,Davidson,BRFSS,Prevention,Visits to dentist or dental clinic among adults aged >=18 years,%,Age-adjusted prevalence,77.5,75.6,79.2,"11,040",POINT (-80.84681225 35.50068414),3716400,PREVENT,DENTAL,AgeAdjPrv,Dental Visit
2018,NC,North Carolina,Davidson,BRFSS,Health Risk Behaviors,Sleeping less than 7 hours among adults aged >=18 years,%,Age-adjusted prevalence,30.7,29.7,31.7,"11,040",POINT (-80.84681225 35.50068414),3716400,RISKBEH,SLEEP,AgeAdjPrv,Sleep <7 hours
2019,NC,North Carolina,Davidson,BRFSS,Prevention,Visits to doctor for routine checkup within the past year among adults aged >=18 years,%,Crude prevalence,77,76.2,77.7,"11,040",POINT (-80.84681225 35.50068414),3716400,PREVENT,CHECKUP,CrdPrv,Annual Checkup
2019,NC,North Carolina,Davidson,BRFSS,Prevention,Current lack of health insurance among adults aged 18-64 years,%,Crude prevalence,10.9,9.3,13.1,"11,040",POINT (-80.84681225 35.50068414),3716400,PREVENT,ACCESS2,CrdPrv,Health Insurance
2019,NC,North Carolina,Davidson,BRFSS,Prevention,Taking medicine for high blood pressure control among adults aged >=18 years with high blood pressure,%,Crude prevalence,71.5,70.6,72.5,"11,040",POINT (-80.84681225 35.50068414),3716400,PREVENT,BPMED,CrdPrv,Taking BP Medication
2018,NC,North Carolina,Davidson,BRFSS,Health Outcomes,All teeth lost among adults aged >=65 years,%,Age-adjusted prevalence,7.9,5.6,11,"11,040",POINT (-80.84681225 35.50068414),3716400,HLTHOUT,TEETHLOST,AgeAdjPrv,All Teeth Lost
2018,NC,North Carolina,Davidson,BRFSS,Health Outcomes,All teeth lost among adults aged >=65 years,%,Crude prevalence,7.9,5.5,10.9,"11,040",POINT (-80.84681225 35.50068414),3716400,HLTHOUT,TEETHLOST,CrdPrv,All Teeth Lost
2019,NC,North Carolina,Davidson,BRFSS,Health Outcomes,Arthritis among adults aged >=18 years,%,Crude prevalence,20.1,19.5,20.8,"11,040",POINT (-80.84681225 35.50068414),3716400,HLTHOUT,ARTHRITIS,CrdPrv,Arthritis
2019,NC,North Carolina,Davidson,BRFSS,Health Risk Behaviors,Binge drinking among adults aged >=18 years,%,Age-adjusted prevalence,19.9,19.4,20.5,"11,040",POINT (-80.84681225 35.50068414),3716400,RISKBEH,BINGE,AgeAdjPrv,Binge Drinking
2019,NC,North Carolina,Davidson,BRFSS,Health Outcomes,Current asthma among adults aged >=18 years,%,Age-adjusted prevalence,8.2,8,8.6,"11,040",POINT (-80.84681225 35.50068414),3716400,HLTHOUT,CASTHMA,AgeAdjPrv,Current Asthma
2019,NC,North Carolina,Davidson,BRFSS,Health Risk Behaviors,No leisure-time physical activity among adults aged >=18 years,%,Age-adjusted prevalence,16.7,15.5,18.1,"11,040",POINT (-80.84681225 35.50068414),3716400,RISKBEH,LPA,AgeAdjPrv,Physical Inactivity
2018,NC,North Carolina,Davidson,BRFSS,Prevention,"Fecal occult blood test, sigmoidoscopy, or colonoscopy among adults aged 50-75 years",%,Age-adjusted prevalence,72.9,70.9,74.6,"11,040",POINT (-80.84681225 35.50068414),3716400,PREVENT,COLON_SCREEN,AgeAdjPrv,Colorectal Cancer Screening
2019,NC,North Carolina,Davidson,BRFSS,Health Outcomes,Coronary heart disease among adults aged >=18 years,%,Age-adjusted prevalence,4.4,4.2,4.7,"11,040",POINT (-80.84681225 35.50068414),3716400,HLTHOUT,CHD,AgeAdjPrv,Coronary Heart Disease
2018,NC,North Carolina,Davidson,BRFSS,Prevention,Mammography use among women aged 50-74 years,%,Crude prevalence,79.7,77.7,81.5,"11,040",POINT (-80.84681225 35.50068414),3716400,PREVENT,MAMMOUSE,CrdPrv,Mammography
2019,NC,North Carolina,Davidson,BRFSS,Health Status,Fair or poor self-rated health status among adults aged >=18 years,%,Age-adjusted prevalence,11.4,10.4,12.5,"11,040",POINT (-80.84681225 35.50068414),3716400,HLTHSTAT,GHLTH,AgeAdjPrv,General Health
2019,NC,North Carolina,Davidson,BRFSS,Health Outcomes,Obesity among adults aged >=18 years,%,Crude prevalence,23.3,22.5,24.2,"11,040",POINT (-80.84681225 35.50068414),3716400,HLTHOUT,OBESITY,CrdPrv,Obesity
2018,NC,North Carolina,Davidson,BRFSS,Prevention,Cervical cancer screening among adult women aged 21-65 years,%,Crude prevalence,88.3,86.8,89.6,"11,040",POINT (-80.84681225 35.50068414),3716400,PREVENT,CERVICAL,CrdPrv,Cervical Cancer Screening
2019,NC,North Carolina,Davidson,BRFSS,Health Outcomes,Depression among adults aged >=18 years,%,Age-adjusted prevalence,22.3,21.5,23.2,"11,040",POINT (-80.84681225 35.50068414),3716400,HLTHOUT,DEPRESSION,AgeAdjPrv,Depression
2019,NC,North Carolina,Davidson,BRFSS,Health Status,Physical health not good for >=14 days among adults aged >=18 years,%,Age-adjusted prevalence,8.8,8.2,9.4,"11,040",POINT (-80.84681225 35.50068414),3716400,HLTHSTAT,PHLTH,AgeAdjPrv,Physical Health
2019,NC,North Carolina,Davidson,BRFSS,Health Status,Fair or poor self-rated health status among adults aged >=18 years,%,Crude prevalence,11.2,10.1,12.4,"11,040",POINT (-80.84681225 35.50068414),3716400,HLTHSTAT,GHLTH,CrdPrv,General Health
2018,NC,North Carolina,Davidson,BRFSS,Prevention,Mammography use among women aged 50-74 years,%,Age-adjusted prevalence,78.1,76,80,"11,040",POINT (-80.84681225 35.50068414),3716400,PREVENT,MAMMOUSE,AgeAdjPrv,Mammography
2019,NC,North Carolina,Davidson,BRFSS,Health Outcomes,Diagnosed diabetes among adults aged >=18 years,%,Crude prevalence,7.1,6.7,7.5,"11,040",POINT (-80.84681225 35.50068414),3716400,HLTHOUT,DIABETES,CrdPrv,Diabetes
2019,NC,North Carolina,Davidson,BRFSS,Prevention,Cholesterol screening among adults aged >=18 years,%,Crude prevalence,87.5,86,88.7,"11,040",POINT (-80.84681225 35.50068414),3716400,PREVENT,CHOLSCREEN,CrdPrv,Cholesterol Screening
2019,NC,North Carolina,Davidson,BRFSS,Health Outcomes,Cancer (excluding skin cancer) among adults aged >=18 years,%,Crude prevalence,6.6,6.3,6.8,"11,040",POINT (-80.84681225 35.50068414),3716400,HLTHOUT,CANCER,CrdPrv,Cancer (except skin)
2019,NC,North Carolina,Davidson,BRFSS,Health Risk Behaviors,Current smoking among adults aged >=18 years,%,Crude prevalence,11.8,10.4,13.6,"11,040",POINT (-80.84681225 35.50068414),3716400,RISKBEH,CSMOKING,CrdPrv,Current Smoking
2019,NC,North Carolina,Davidson,BRFSS,Health Status,Mental health not good for >=14 days among adults aged >=18 years,%,Crude prevalence,12.4,11.2,13.6,"11,040",POINT (-80.84681225 35.50068414),3716400,HLTHSTAT,MHLTH,CrdPrv,Mental Health
2019,NC,North Carolina,Davidson,BRFSS,Health Outcomes,Chronic obstructive pulmonary disease among adults aged >=18 years,%,Crude prevalence,4.7,4.2,5.2,"11,040",POINT (-80.84681225 35.50068414),3716400,HLTHOUT,COPD,CrdPrv,COPD
2019,NC,North Carolina,Davidson,BRFSS,Health Outcomes,High cholesterol among adults aged >=18 years who have been screened in the past 5 years,%,Crude prevalence,29.7,29.2,30.4,"11,040",POINT (-80.84681225 35.50068414),3716400,HLTHOUT,HIGHCHOL,CrdPrv,High Cholesterol
2018,NC,North Carolina,Davidson,BRFSS,Prevention,"Older adult men aged >=65 years who are up to date on a core set of clinical preventive services: Flu shot past year, PPV shot ever, Colorectal cancer screening",%,Age-adjusted prevalence,47.1,42.6,51.2,"11,040",POINT (-80.84681225 35.50068414),3716400,PREVENT,COREM,AgeAdjPrv,Core preventive services for older men
2019,NC,North Carolina,Davidson,BRFSS,Health Outcomes,Current asthma among adults aged >=18 years,%,Crude prevalence,8.5,8.1,8.9,"11,040",POINT (-80.84681225 35.50068414),3716400,HLTHOUT,CASTHMA,CrdPrv,Current Asthma
2019,NC,North Carolina,Davidson,BRFSS,Health Risk Behaviors,Binge drinking among adults aged >=18 years,%,Crude prevalence,20.1,19.4,20.7,"11,040",POINT (-80.84681225 35.50068414),3716400,RISKBEH,BINGE,CrdPrv,Binge Drinking
2019,NC,North Carolina,Davidson,BRFSS,Health Outcomes,Diagnosed diabetes among adults aged >=18 years,%,Age-adjusted prevalence,7.2,6.8,7.6,"11,040",POINT (-80.84681225 35.50068414),3716400,HLTHOUT,DIABETES,AgeAdjPrv,Diabetes
2019,NC,North Carolina,Davidson,BRFSS,Health Outcomes,High blood pressure among adults aged >=18 years,%,Crude prevalence,25.7,25,26.4,"11,040",POINT (-80.84681225 35.50068414),3716400,HLTHOUT,BPHIGH,CrdPrv,High Blood Pressure
2019,NC,North Carolina,Davidson,BRFSS,Health Outcomes,Stroke among adults aged >=18 years,%,Age-adjusted prevalence,2.4,2.2,2.6,"11,040",POINT (-80.84681225 35.50068414),3716400,HLTHOUT,STROKE,AgeAdjPrv,Stroke
2019,NC,North Carolina,Davidson,BRFSS,Health Outcomes,Stroke among adults aged >=18 years,%,Crude prevalence,2.3,2.1,2.5,"11,040",POINT (-80.84681225 35.50068414),3716400,HLTHOUT,STROKE,CrdPrv,Stroke
2019,NC,North Carolina,Davidson,BRFSS,Prevention,Taking medicine for high blood pressure control among adults aged >=18 years with high blood pressure,%,Age-adjusted prevalence,54.3,53.6,55,"11,040",POINT (-80.84681225 35.50068414),3716400,PREVENT,BPMED,AgeAdjPrv,Taking BP Medication
2019,NC,North Carolina,Davidson,BRFSS,Health Outcomes,High cholesterol among adults aged >=18 years who have been screened in the past 5 years,%,Age-adjusted prevalence,28.8,28.3,29.3,"11,040",POINT (-80.84681225 35.50068414),3716400,HLTHOUT,HIGHCHOL,AgeAdjPrv,High Cholesterol
2019,NC,North Carolina,Davidson,BRFSS,Health Outcomes,Arthritis among adults aged >=18 years,%,Age-adjusted prevalence,20.6,20,21.3,"11,040",POINT (-80.84681225 35.50068414),3716400,HLTHOUT,ARTHRITIS,AgeAdjPrv,Arthritis
2018,NC,North Carolina,Davidson,BRFSS,Health Risk Behaviors,Sleeping less than 7 hours among adults aged >=18 years,%,Crude prevalence,30.1,28.8,31.3,"11,040",POINT (-80.84681225 35.50068414),3716400,RISKBEH,SLEEP,CrdPrv,Sleep <7 hours
2019,NC,North Carolina,Davidson,BRFSS,Prevention,Visits to doctor for routine checkup within the past year among adults aged >=18 years,%,Age-adjusted prevalence,76.8,76.2,77.4,"11,040",POINT (-80.84681225 35.50068414),3716400,PREVENT,CHECKUP,AgeAdjPrv,Annual Checkup
2018,NC,North Carolina,Davidson,BRFSS,Prevention,"Older adult men aged >=65 years who are up to date on a core set of clinical preventive services: Flu shot past year, PPV shot ever, Colorectal cancer screening",%,Crude prevalence,46.9,42.4,51,"11,040",POINT (-80.84681225 35.50068414),3716400,PREVENT,COREM,CrdPrv,Core preventive services for older men
2019,NC,North Carolina,Davidson,BRFSS,Health Outcomes,High blood pressure among adults aged >=18 years,%,Age-adjusted prevalence,26.3,25.6,27,"11,040",POINT (-80.84681225 35.50068414),3716400,HLTHOUT,BPHIGH,AgeAdjPrv,High Blood Pressure
2019,NC,North Carolina,Davidson,BRFSS,Health Outcomes,Cancer (excluding skin cancer) among adults aged >=18 years,%,Age-adjusted prevalence,6.8,6.6,7,"11,040",POINT (-80.84681225 35.50068414),3716400,HLTHOUT,CANCER,AgeAdjPrv,Cancer (except skin)
2018,NC,North Carolina,Davidson,BRFSS,Prevention,"Fecal occult blood test, sigmoidoscopy, or colonoscopy among adults aged 50-75 years",%,Crude prevalence,73.3,71.3,75,"11,040",POINT (-80.84681225 35.50068414),3716400,PREVENT,COLON_SCREEN,CrdPrv,Colorectal Cancer Screening
2019,NC,North Carolina,Davidson,BRFSS,Health Outcomes,Chronic kidney disease among adults aged >=18 years,%,Age-adjusted prevalence,2.3,2.2,2.4,"11,040",POINT (-80.84681225 35.50068414),3716400,HLTHOUT,KIDNEY,AgeAdjPrv,Chronic Kidney Disease
2019,NC,North Carolina,Davidson,BRFSS,Prevention,Cholesterol screening among adults aged >=18 years,%,Age-adjusted prevalence,88.4,87.5,89.2,"11,040",POINT (-80.84681225 35.50068414),3716400,PREVENT,CHOLSCREEN,AgeAdjPrv,Cholesterol Screening
2019,NC,North Carolina,Davidson,BRFSS,Health Outcomes,Coronary heart disease among adults aged >=18 years,%,Crude prevalence,4.4,4.1,4.7,"11,040",POINT (-80.84681225 35.50068414),3716400,HLTHOUT,CHD,CrdPrv,Coronary Heart Disease
2018,NC,North Carolina,Davidson,BRFSS,Prevention,"Older adult women aged >=65 years who are up to date on a core set of clinical preventive services: Flu shot past year, PPV shot ever, Colorectal cancer screening, and Mammogram past 2 years",%,Crude prevalence,42,37.6,46.2,"11,040",POINT (-80.84681225 35.50068414),3716400,PREVENT,COREW,CrdPrv,Core preventive services for older women
2019,NC,North Carolina,Davidson,BRFSS,Prevention,Current lack of health insurance among adults aged 18-64 years,%,Age-adjusted prevalence,11.2,9.9,12.6,"11,040",POINT (-80.84681225 35.50068414),3716400,PREVENT,ACCESS2,AgeAdjPrv,Health Insurance
2019,NC,North Carolina,Davidson,BRFSS,Health Status,Mental health not good for >=14 days among adults aged >=18 years,%,Age-adjusted prevalence,12,11.1,12.9,"11,040",POINT (-80.84681225 35.50068414),3716400,HLTHSTAT,MHLTH,AgeAdjPrv,Mental Health
2018,NC,North Carolina,Davidson,BRFSS,Prevention,Visits to dentist or dental clinic among adults aged >=18 years,%,Crude prevalence,78.1,75.7,80.1,"11,040",POINT (-80.84681225 35.50068414),3716400,PREVENT,DENTAL,CrdPrv,Dental Visit
2019,NC,North Carolina,Davidson,BRFSS,Health Outcomes,Depression among adults aged >=18 years,%,Crude prevalence,22.6,21.6,23.7,"11,040",POINT (-80.84681225 35.50068414),3716400,HLTHOUT,DEPRESSION,CrdPrv,Depression
2019,NC,North Carolina,Davidson,BRFSS,Health Risk Behaviors,No leisure-time physical activity among adults aged >=18 years,%,Crude prevalence,16.4,15,18,"11,040",POINT (-80.84681225 35.50068414),3716400,RISKBEH,LPA,CrdPrv,Physical Inactivity
2018,NC,North Carolina,Davidson,BRFSS,Prevention,"Older adult women aged >=65 years who are up to date on a core set of clinical preventive services: Flu shot past year, PPV shot ever, Colorectal cancer screening, and Mammogram past 2 years",%,Age-adjusted prevalence,43.3,39,47.3,"11,040",POINT (-80.84681225 35.50068414),3716400,PREVENT,COREW,AgeAdjPrv,Core preventive services for older women
2021,NC,North Carolina,Davidson,BRFSS,Disability,Mobility disability among adults aged >=18 years,%,Crude prevalence,9,7.7,10.3,"11,040",POINT (-80.84681225 35.50068414),3716400,DISABLT,MOBILITY,CrdPrv,Mobility Disability
2021,NC,North Carolina,Davidson,BRFSS,Health Status,Fair or poor self-rated health status among adults aged >=18 years,%,Age-adjusted prevalence,8.9,7.7,10.2,"11,040",POINT (-80.84681225 35.50068414),3716400,HLTHSTAT,GHLTH,AgeAdjPrv,General Health
2020,NC,North Carolina,Davidson,BRFSS,Prevention,"Older adult women aged >=65 years who are up to date on a core set of clinical preventive services: Flu shot past year, PPV shot ever, Colorectal cancer screening, and Mammogram past 2 years",%,Age-adjusted prevalence,53.8,49.4,58,"11,040",POINT (-80.84681225 35.50068414),3716400,PREVENT,COREW,AgeAdjPrv,Core preventive services for older women
2020,NC,North Carolina,Davidson,BRFSS,Prevention,"Older adult men aged >=65 years who are up to date on a core set of clinical preventive services: Flu shot past year, PPV shot ever, Colorectal cancer screening",%,Age-adjusted prevalence,58.7,54,63.4,"11,040",POINT (-80.84681225 35.50068414),3716400,PREVENT,COREM,AgeAdjPrv,Core preventive services for older men
2020,NC,North Carolina,Davidson,BRFSS,Prevention,Cervical cancer screening among adult women aged 21-65 years,%,Crude prevalence,87.1,85.7,88.5,"11,040",POINT (-80.84681225 35.50068414),3716400,PREVENT,CERVICAL,CrdPrv,Cervical Cancer Screening
2020,NC,North Carolina,Davidson,BRFSS,Health Risk Behaviors,Sleeping less than 7 hours among adults aged >=18 years,%,Age-adjusted prevalence,27.5,26.6,28.5,"11,040",POINT (-80.84681225 35.50068414),3716400,RISKBEH,SLEEP,AgeAdjPrv,Sleep <7 hours
2021,NC,North Carolina,Davidson,BRFSS,Health Outcomes,Obesity among adults aged >=18 years,%,Age-adjusted prevalence,29.3,25.2,34,"11,040",POINT (-80.84681225 35.50068414),3716400,HLTHOUT,OBESITY,AgeAdjPrv,Obesity
2021,NC,North Carolina,Davidson,BRFSS,Disability,Cognitive disability among adults ages >=18 years,%,Crude prevalence,10,8.4,12,"11,040",POINT (-80.84681225 35.50068414),3716400,DISABLT,COGNITION,CrdPrv,Cognitive Disability
2020,NC,North Carolina,Davidson,BRFSS,Prevention,Mammography use among women aged 50-74 years,%,Crude prevalence,80.6,78.5,82.4,"11,040",POINT (-80.84681225 35.50068414),3716400,PREVENT,MAMMOUSE,CrdPrv,Mammography
2021,NC,North Carolina,Davidson,BRFSS,Health Outcomes,Diagnosed diabetes among adults aged >=18 years,%,Age-adjusted prevalence,7.7,6.7,8.9,"11,040",POINT (-80.84681225 35.50068414),3716400,HLTHOUT,DIABETES,AgeAdjPrv,Diabetes
2021,NC,North Carolina,Davidson,BRFSS,Health Outcomes,Cancer (excluding skin cancer) among adults aged >=18 years,%,Age-adjusted prevalence,6.4,5.9,7,"11,040",POINT (-80.84681225 35.50068414),3716400,HLTHOUT,CANCER,AgeAdjPrv,Cancer (except skin)
2021,NC,North Carolina,Davidson,BRFSS,Health Status,Mental health not good for >=14 days among adults aged >=18 years,%,Crude prevalence,13.9,11.8,15.9,"11,040",POINT (-80.84681225 35.50068414),3716400,HLTHSTAT,MHLTH,CrdPrv,Mental Health
2021,NC,North Carolina,Davidson,BRFSS,Health Risk Behaviors,Current smoking among adults aged >=18 years,%,Age-adjusted prevalence,10,8.3,12,"11,040",POINT (-80.84681225 35.50068414),3716400,RISKBEH,CSMOKING,AgeAdjPrv,Current Smoking
2021,NC,North Carolina,Davidson,BRFSS,Health Outcomes,Stroke among adults aged >=18 years,%,Age-adjusted prevalence,2.2,2,2.5,"11,040",POINT (-80.84681225 35.50068414),3716400,HLTHOUT,STROKE,AgeAdjPrv,Stroke
2021,NC,North Carolina,Davidson,BRFSS,Prevention,Current lack of health insurance among adults aged 18-64 years,%,Age-adjusted prevalence,7.3,6.1,9,"11,040",POINT (-80.84681225 35.50068414),3716400,PREVENT,ACCESS2,AgeAdjPrv,Health Insurance
2021,NC,North Carolina,Davidson,BRFSS,Health Outcomes,Coronary heart disease among adults aged >=18 years,%,Crude prevalence,4.3,3.8,4.8,"11,040",POINT (-80.84681225 35.50068414),3716400,HLTHOUT,CHD,CrdPrv,Coronary Heart Disease
2021,NC,North Carolina,Davidson,BRFSS,Disability,Self-care disability among adults aged >=18 years,%,Age-adjusted prevalence,2.2,2,2.5,"11,040",POINT (-80.84681225 35.50068414),3716400,DISABLT,SELFCARE,AgeAdjPrv,Self-care Disability
2021,NC,North Carolina,Davidson,BRFSS,Disability,Hearing disability among adults aged >=18 years,%,Crude prevalence,5.6,5,6.4,"11,040",POINT (-80.84681225 35.50068414),3716400,DISABLT,HEARING,CrdPrv,Hearing Disability
2021,NC,North Carolina,Davidson,BRFSS,Health Outcomes,High cholesterol among adults aged >=18 years who have been screened in the past 5 years,%,Age-adjusted prevalence,30.7,27.3,34.4,"11,040",POINT (-80.84681225 35.50068414),3716400,HLTHOUT,HIGHCHOL,AgeAdjPrv,High Cholesterol
2021,NC,North Carolina,Davidson,BRFSS,Health Risk Behaviors,No leisure-time physical activity among adults aged >=18 years,%,Crude prevalence,14.6,12,17.2,"11,040",POINT (-80.84681225 35.50068414),3716400,RISKBEH,LPA,CrdPrv,Physical Inactivity
2020,NC,North Carolina,Davidson,BRFSS,Prevention,"Fecal occult blood test, sigmoidoscopy, or colonoscopy among adults aged 50-75 years",%,Age-adjusted prevalence,77.1,75.5,78.4,"11,040",POINT (-80.84681225 35.50068414),3716400,PREVENT,COLON_SCREEN,AgeAdjPrv,Colorectal Cancer Screening
2021,NC,North Carolina,Davidson,BRFSS,Health Status,Mental health not good for >=14 days among adults aged >=18 years,%,Age-adjusted prevalence,13.3,11.7,15.2,"11,040",POINT (-80.84681225 35.50068414),3716400,HLTHSTAT,MHLTH,AgeAdjPrv,Mental Health
2021,NC,North Carolina,Davidson,BRFSS,Health Status,Fair or poor self-rated health status among adults aged >=18 years,%,Crude prevalence,8.8,7.5,10.3,"11,040",POINT (-80.84681225 35.50068414),3716400,HLTHSTAT,GHLTH,CrdPrv,General Health
2020,NC,North Carolina,Davidson,BRFSS,Prevention,Cervical cancer screening among adult women aged 21-65 years,%,Age-adjusted prevalence,88.2,87,89.3,"11,040",POINT (-80.84681225 35.50068414),3716400,PREVENT,CERVICAL,AgeAdjPrv,Cervical Cancer Screening
2020,NC,North Carolina,Davidson,BRFSS,Prevention,Visits to dentist or dental clinic among adults aged >=18 years,%,Age-adjusted prevalence,74.6,72.7,76.5,"11,040",POINT (-80.84681225 35.50068414),3716400,PREVENT,DENTAL,AgeAdjPrv,Dental Visit
2021,NC,North Carolina,Davidson,BRFSS,Prevention,Visits to doctor for routine checkup within the past year among adults aged >=18 years,%,Crude prevalence,75.6,72,79.1,"11,040",POINT (-80.84681225 35.50068414),3716400,PREVENT,CHECKUP,CrdPrv,Annual Checkup
2020,NC,North Carolina,Davidson,BRFSS,Prevention,"Older adult women aged >=65 years who are up to date on a core set of clinical preventive services: Flu shot past year, PPV shot ever, Colorectal cancer screening, and Mammogram past 2 years",%,Crude prevalence,52.2,47.6,56.9,"11,040",POINT (-80.84681225 35.50068414),3716400,PREVENT,COREW,CrdPrv,Core preventive services for older women
2020,NC,North Carolina,Davidson,BRFSS,Prevention,"Older adult men aged >=65 years who are up to date on a core set of clinical preventive services: Flu shot past year, PPV shot ever, Colorectal cancer screening",%,Crude prevalence,58.6,53.9,63,"11,040",POINT (-80.84681225 35.50068414),3716400,PREVENT,COREM,CrdPrv,Core preventive services for older men
2021,NC,North Carolina,Davidson,BRFSS,Disability,Mobility disability among adults aged >=18 years,%,Age-adjusted prevalence,9.2,7.9,10.6,"11,040",POINT (-80.84681225 35.50068414),3716400,DISABLT,MOBILITY,AgeAdjPrv,Mobility Disability
2021,NC,North Carolina,Davidson,BRFSS,Disability,Any disability among adults aged >=18 years,%,Crude prevalence,22.4,19.4,25.8,"11,040",POINT (-80.84681225 35.50068414),3716400,DISABLT,DISABILITY,CrdPrv,Any Disability
2021,NC,North Carolina,Davidson,BRFSS,Health Outcomes,Current asthma among adults aged >=18 years,%,Age-adjusted prevalence,8.9,7.9,10,"11,040",POINT (-80.84681225 35.50068414),3716400,HLTHOUT,CASTHMA,AgeAdjPrv,Current Asthma
2021,NC,North Carolina,Davidson,BRFSS,Disability,Hearing disability among adults aged >=18 years,%,Age-adjusted prevalence,5.8,5.1,6.4,"11,040",POINT (-80.84681225 35.50068414),3716400,DISABLT,HEARING,AgeAdjPrv,Hearing Disability
2021,NC,North Carolina,Davidson,BRFSS,Health Status,Physical health not good for >=14 days among adults aged >=18 years,%,Crude prevalence,7.8,6.7,8.9,"11,040",POINT (-80.84681225 35.50068414),3716400,HLTHSTAT,PHLTH,CrdPrv,Physical Health
2021,NC,North Carolina,Davidson,BRFSS,Disability,Vision disability among adults aged >=18 years,%,Crude prevalence,3,2.6,3.4,"11,040",POINT (-80.84681225 35.50068414),3716400,DISABLT,VISION,CrdPrv,Vision Disability
2021,NC,North Carolina,Davidson,BRFSS,Health Outcomes,Chronic kidney disease among adults aged >=18 years,%,Crude prevalence,2.3,2.2,2.6,"11,040",POINT (-80.84681225 35.50068414),3716400,HLTHOUT,KIDNEY,CrdPrv,Chronic Kidney Disease
2021,NC,North Carolina,Davidson,BRFSS,Health Outcomes,High blood pressure among adults aged >=18 years,%,Age-adjusted prevalence,25.6,22.8,28.6,"11,040",POINT (-80.84681225 35.50068414),3716400,HLTHOUT,BPHIGH,AgeAdjPrv,High Blood Pressure
2020,NC,North Carolina,Davidson,BRFSS,Health Outcomes,All teeth lost among adults aged >=65 years,%,Age-adjusted prevalence,7.7,5.5,10.7,"11,040",POINT (-80.84681225 35.50068414),3716400,HLTHOUT,TEETHLOST,AgeAdjPrv,All Teeth Lost
2021,NC,North Carolina,Davidson,BRFSS,Health Outcomes,Arthritis among adults aged >=18 years,%,Age-adjusted prevalence,20.7,18.2,23.4,"11,040",POINT (-80.84681225 35.50068414),3716400,HLTHOUT,ARTHRITIS,AgeAdjPrv,Arthritis
2021,NC,North Carolina,Davidson,BRFSS,Disability,Independent living disability among adults aged >=18 years,%,Crude prevalence,5.2,4.4,6.1,"11,040",POINT (-80.84681225 35.50068414),3716400,DISABLT,INDEPLIVE,CrdPrv,Independent Living Disability
2021,NC,North Carolina,Davidson,BRFSS,Prevention,Cholesterol screening among adults aged >=18 years,%,Crude prevalence,86.2,83.6,88.5,"11,040",POINT (-80.84681225 35.50068414),3716400,PREVENT,CHOLSCREEN,CrdPrv,Cholesterol Screening
2021,NC,North Carolina,Davidson,BRFSS,Health Outcomes,Depression among adults aged >=18 years,%,Age-adjusted prevalence,21.6,18.8,24.8,"11,040",POINT (-80.84681225 35.50068414),3716400,HLTHOUT,DEPRESSION,AgeAdjPrv,Depression
2021,NC,North Carolina,Davidson,BRFSS,Health Risk Behaviors,Binge drinking among adults aged >=18 years,%,Age-adjusted prevalence,20.3,17.5,23.5,"11,040",POINT (-80.84681225 35.50068414),3716400,RISKBEH,BINGE,AgeAdjPrv,Binge Drinking
2021,NC,North Carolina,Davidson,BRFSS,Prevention,Taking medicine for high blood pressure control among adults aged >=18 years with high blood pressure,%,Crude prevalence,74.3,71,77.3,"11,040",POINT (-80.84681225 35.50068414),3716400,PREVENT,BPMED,CrdPrv,Taking BP Medication
2021,NC,North Carolina,Davidson,BRFSS,Health Risk Behaviors,No leisure-time physical activity among adults aged >=18 years,%,Age-adjusted prevalence,14.8,12.6,17.4,"11,040",POINT (-80.84681225 35.50068414),3716400,RISKBEH,LPA,AgeAdjPrv,Physical Inactivity
2021,NC,North Carolina,Davidson,BRFSS,Prevention,Visits to doctor for routine checkup within the past year among adults aged >=18 years,%,Age-adjusted prevalence,75.5,71.9,79.1,"11,040",POINT (-80.84681225 35.50068414),3716400,PREVENT,CHECKUP,AgeAdjPrv,Annual Checkup
2021,NC,North Carolina,Davidson,BRFSS,Health Outcomes,High cholesterol among adults aged >=18 years who have been screened in the past 5 years,%,Crude prevalence,32,28.8,35.5,"11,040",POINT (-80.84681225 35.50068414),3716400,HLTHOUT,HIGHCHOL,CrdPrv,High Cholesterol
2021,NC,North Carolina,Davidson,BRFSS,Health Status,Physical health not good for >=14 days among adults aged >=18 years,%,Age-adjusted prevalence,7.9,6.9,9.1,"11,040",POINT (-80.84681225 35.50068414),3716400,HLTHSTAT,PHLTH,AgeAdjPrv,Physical Health
2021,NC,North Carolina,Davidson,BRFSS,Health Outcomes,Chronic obstructive pulmonary disease among adults aged >=18 years,%,Crude prevalence,4.4,3.7,5.1,"11,040",POINT (-80.84681225 35.50068414),3716400,HLTHOUT,COPD,CrdPrv,COPD
2021,NC,North Carolina,Davidson,BRFSS,Health Outcomes,Depression among adults aged >=18 years,%,Crude prevalence,22,18.9,25.5,"11,040",POINT (-80.84681225 35.50068414),3716400,HLTHOUT,DEPRESSION,CrdPrv,Depression
2020,NC,North Carolina,Davidson,BRFSS,Prevention,"Fecal occult blood test, sigmoidoscopy, or colonoscopy among adults aged 50-75 years",%,Crude prevalence,77.5,76,78.8,"11,040",POINT (-80.84681225 35.50068414),3716400,PREVENT,COLON_SCREEN,CrdPrv,Colorectal Cancer Screening
2021,NC,North Carolina,Davidson,BRFSS,Disability,Any disability among adults aged >=18 years,%,Age-adjusted prevalence,22,19.4,24.9,"11,040",POINT (-80.84681225 35.50068414),3716400,DISABLT,DISABILITY,AgeAdjPrv,Any Disability
2021,NC,North Carolina,Davidson,BRFSS,Prevention,Taking medicine for high blood pressure control among adults aged >=18 years with high blood pressure,%,Age-adjusted prevalence,57.5,53,61.9,"11,040",POINT (-80.84681225 35.50068414),3716400,PREVENT,BPMED,AgeAdjPrv,Taking BP Medication
2021,NC,North Carolina,Davidson,BRFSS,Health Outcomes,Current asthma among adults aged >=18 years,%,Crude prevalence,9.1,8.1,10.2,"11,040",POINT (-80.84681225 35.50068414),3716400,HLTHOUT,CASTHMA,CrdPrv,Current Asthma
2021,NC,North Carolina,Davidson,BRFSS,Disability,Vision disability among adults aged >=18 years,%,Age-adjusted prevalence,3,2.6,3.4,"11,040",POINT (-80.84681225 35.50068414),3716400,DISABLT,VISION,AgeAdjPrv,Vision Disability
2020,NC,North Carolina,Davidson,BRFSS,Health Outcomes,All teeth lost among adults aged >=65 years,%,Crude prevalence,7.6,5.4,10.6,"11,040",POINT (-80.84681225 35.50068414),3716400,HLTHOUT,TEETHLOST,CrdPrv,All Teeth Lost
2021,NC,North Carolina,Davidson,BRFSS,Health Outcomes,Chronic kidney disease among adults aged >=18 years,%,Age-adjusted prevalence,2.4,2.2,2.6,"11,040",POINT (-80.84681225 35.50068414),3716400,HLTHOUT,KIDNEY,AgeAdjPrv,Chronic Kidney Disease
2021,NC,North Carolina,Davidson,BRFSS,Health Outcomes,High blood pressure among adults aged >=18 years,%,Crude prevalence,25,22.3,28.1,"11,040",POINT (-80.84681225 35.50068414),3716400,HLTHOUT,BPHIGH,CrdPrv,High Blood Pressure
2021,NC,North Carolina,Davidson,BRFSS,Prevention,Cholesterol screening among adults aged >=18 years,%,Age-adjusted prevalence,87.6,85.4,89.6,"11,040",POINT (-80.84681225 35.50068414),3716400,PREVENT,CHOLSCREEN,AgeAdjPrv,Cholesterol Screening
2021,NC,North Carolina,Davidson,BRFSS,Disability,Cognitive disability among adults ages >=18 years,%,Age-adjusted prevalence,9.6,8.2,11,"11,040",POINT (-80.84681225 35.50068414),3716400,DISABLT,COGNITION,AgeAdjPrv,Cognitive Disability
2020,NC,North Carolina,Davidson,BRFSS,Prevention,Visits to dentist or dental clinic among adults aged >=18 years,%,Crude prevalence,75.2,72.7,77.4,"11,040",POINT (-80.84681225 35.50068414),3716400,PREVENT,DENTAL,CrdPrv,Dental Visit
2021,NC,North Carolina,Davidson,BRFSS,Health Outcomes,Diagnosed diabetes among adults aged >=18 years,%,Crude prevalence,7.6,6.5,8.7,"11,040",POINT (-80.84681225 35.50068414),3716400,HLTHOUT,DIABETES,CrdPrv,Diabetes
2021,NC,North Carolina,Davidson,BRFSS,Disability,Self-care disability among adults aged >=18 years,%,Crude prevalence,2.2,1.9,2.5,"11,040",POINT (-80.84681225 35.50068414),3716400,DISABLT,SELFCARE,CrdPrv,Self-care Disability
2021,NC,North Carolina,Davidson,BRFSS,Prevention,Current lack of health insurance among adults aged 18-64 years,%,Crude prevalence,7.1,5.7,9.2,"11,040",POINT (-80.84681225 35.50068414),3716400,PREVENT,ACCESS2,CrdPrv,Health Insurance
2021,NC,North Carolina,Davidson,BRFSS,Health Outcomes,Cancer (excluding skin cancer) among adults aged >=18 years,%,Crude prevalence,6.3,5.7,6.8,"11,040",POINT (-80.84681225 35.50068414),3716400,HLTHOUT,CANCER,CrdPrv,Cancer (except skin)
2021,NC,North Carolina,Davidson,BRFSS,Health Risk Behaviors,Current smoking among adults aged >=18 years,%,Crude prevalence,9.3,7.6,11.3,"11,040",POINT (-80.84681225 35.50068414),3716400,RISKBEH,CSMOKING,CrdPrv,Current Smoking
2021,NC,North Carolina,Davidson,BRFSS,Health Outcomes,Chronic obstructive pulmonary disease among adults aged >=18 years,%,Age-adjusted prevalence,4.5,3.8,5.2,"11,040",POINT (-80.84681225 35.50068414),3716400,HLTHOUT,COPD,AgeAdjPrv,COPD
2020,NC,North Carolina,Davidson,BRFSS,Prevention,Mammography use among women aged 50-74 years,%,Age-adjusted prevalence,78.9,76.7,80.8,"11,040",POINT (-80.84681225 35.50068414),3716400,PREVENT,MAMMOUSE,AgeAdjPrv,Mammography
2021,NC,North Carolina,Davidson,BRFSS,Health Outcomes,Coronary heart disease among adults aged >=18 years,%,Age-adjusted prevalence,4.4,3.9,5,"11,040",POINT (-80.84681225 35.50068414),3716400,HLTHOUT,CHD,AgeAdjPrv,Coronary Heart Disease
2020,NC,North Carolina,Davidson,BRFSS,Health Risk Behaviors,Sleeping less than 7 hours among adults aged >=18 years,%,Crude prevalence,26.9,25.8,28,"11,040",POINT (-80.84681225 35.50068414),3716400,RISKBEH,SLEEP,CrdPrv,Sleep <7 hours
2021,NC,North Carolina,Davidson,BRFSS,Health Outcomes,Obesity among adults aged >=18 years,%,Crude prevalence,28.1,23.9,32.7,"11,040",POINT (-80.84681225 35.50068414),3716400,HLTHOUT,OBESITY,CrdPrv,Obesity
2021,NC,North Carolina,Davidson,BRFSS,Health Outcomes,Stroke among adults aged >=18 years,%,Crude prevalence,2.2,2,2.4,"11,040",POINT (-80.84681225 35.50068414),3716400,HLTHOUT,STROKE,CrdPrv,Stroke
2021,NC,North Carolina,Davidson,BRFSS,Disability,Independent living disability among adults aged >=18 years,%,Age-adjusted prevalence,5,4.4,5.7,"11,040",POINT (-80.84681225 35.50068414),3716400,DISABLT,INDEPLIVE,AgeAdjPrv,Independent Living Disability
2021,NC,North Carolina,Davidson,BRFSS,Health Outcomes,Arthritis among adults aged >=18 years,%,Crude prevalence,20.2,17.7,23,"11,040",POINT (-80.84681225 35.50068414),3716400,HLTHOUT,ARTHRITIS,CrdPrv,Arthritis
2021,NC,North Carolina,Davidson,BRFSS,Health Risk Behaviors,Binge drinking among adults aged >=18 years,%,Crude prevalence,20.2,17.4,23.2,"11,040",POINT (-80.84681225 35.50068414),3716400,RISKBEH,BINGE,CrdPrv,Binge Drinking
2022,NC,North Carolina,Davidson,BRFSS,Health Outcomes,All teeth lost among adults aged >=65 years,%,Age-adjusted prevalence,6.7,5.3,8.3,"15,106",POINT (-80.8209142 35.4806559),3716400,HLTHOUT,TEETHLOST,AgeAdjPrv,All Teeth Lost
2022,NC,North Carolina,Davidson,BRFSS,Health Outcomes,All teeth lost among adults aged >=65 years,%,Crude prevalence,6.7,5.3,8.3,"15,106",POINT (-80.8209142 35.4806559),3716400,HLTHOUT,TEETHLOST,CrdPrv,All Teeth Lost
2022,NC,North Carolina,Davidson,BRFSS,Prevention,Colorectal cancer screening among adults aged 45â€“75 years,%,Age-adjusted prevalence,65.7,61.1,69.8,"15,106",POINT (-80.8209142 35.4806559),3716400,PREVENT,COLON_SCREEN,AgeAdjPrv,Colorectal Cancer Screening
2022,NC,North Carolina,Davidson,BRFSS,Prevention,Colorectal cancer screening among adults aged 45â€“75 years,%,Crude prevalence,68.7,64.2,72.7,"15,106",POINT (-80.8209142 35.4806559),3716400,PREVENT,COLON_SCREEN,CrdPrv,Colorectal Cancer Screening
2022,NC,North Carolina,Davidson,BRFSS,Prevention,Visited dentist or dental clinic in the past year among adults,%,Age-adjusted prevalence,72.8,69.8,75.5,"15,106",POINT (-80.8209142 35.4806559),3716400,PREVENT,DENTAL,AgeAdjPrv,Dental Visit
2022,NC,North Carolina,Davidson,BRFSS,Prevention,Visited dentist or dental clinic in the past year among adults,%,Crude prevalence,73.8,70.8,76.5,"15,106",POINT (-80.8209142 35.4806559),3716400,PREVENT,DENTAL,CrdPrv,Dental Visit
2022,NC,North Carolina,Davidson,BRFSS,Prevention,Mammography use among women aged 50-74 years,%,Age-adjusted prevalence,80.7,74.2,85.7,"15,106",POINT (-80.8209142 35.4806559),3716400,PREVENT,MAMMOUSE,AgeAdjPrv,Mammography
2022,NC,North Carolina,Davidson,BRFSS,Prevention,Mammography use among women aged 50-74 years,%,Crude prevalence,80.8,74.3,85.7,"15,106",POINT (-80.8209142 35.4806559),3716400,PREVENT,MAMMOUSE,CrdPrv,Mammography
2022,NC,North Carolina,Davidson,BRFSS,Health Risk Behaviors,Short sleep duration among adults,%,Age-adjusted prevalence,32.5,28.1,36.8,"15,106",POINT (-80.8209142 35.4806559),3716400,RISKBEH,SLEEP,AgeAdjPrv,Short Sleep Duration
2022,NC,North Carolina,Davidson,BRFSS,Health Risk Behaviors,Short sleep duration among adults,%,Crude prevalence,31.4,27.1,35.7,"15,106",POINT (-80.8209142 35.4806559),3716400,RISKBEH,SLEEP,CrdPrv,Short Sleep Duration
2023,NC,North Carolina,Davidson,BRFSS,Disability,Cognitive disability among adults,%,Age-adjusted prevalence,10.9,9.5,12.5,"15,106",POINT (-80.8209142 35.4806559),3716400,DISABLT,COGNITION,AgeAdjPrv,Cognitive Disability
2023,NC,North Carolina,Davidson,BRFSS,Disability,Cognitive disability among adults,%,Crude prevalence,10.9,9.4,12.8,"15,106",POINT (-80.8209142 35.4806559),3716400,DISABLT,COGNITION,CrdPrv,Cognitive Disability
2023,NC,North Carolina,Davidson,BRFSS,Disability,Any disability among adults,%,Age-adjusted prevalence,22.4,19.5,25.8,"15,106",POINT (-80.8209142 35.4806559),3716400,DISABLT,DISABILITY,AgeAdjPrv,Any Disability
2023,NC,North Carolina,Davidson,BRFSS,Disability,Any disability among adults,%,Crude prevalence,24,20.7,27.5,"15,106",POINT (-80.8209142 35.4806559),3716400,DISABLT,DISABILITY,CrdPrv,Any Disability
2023,NC,North Carolina,Davidson,BRFSS,Disability,Hearing disability among adults,%,Age-adjusted prevalence,5.3,4.7,6,"15,106",POINT (-80.8209142 35.4806559),3716400,DISABLT,HEARING,AgeAdjPrv,Hearing Disability
2023,NC,North Carolina,Davidson,BRFSS,Disability,Hearing disability among adults,%,Crude prevalence,6.1,5.3,6.9,"15,106",POINT (-80.8209142 35.4806559),3716400,DISABLT,HEARING,CrdPrv,Hearing Disability
2023,NC,North Carolina,Davidson,BRFSS,Disability,Independent living disability among adults,%,Age-adjusted prevalence,5.1,4.4,5.9,"15,106",POINT (-80.8209142 35.4806559),3716400,DISABLT,INDEPLIVE,AgeAdjPrv,Independent Living Disability
2023,NC,North Carolina,Davidson,BRFSS,Disability,Independent living disability among adults,%,Crude prevalence,5.4,4.6,6.3,"15,106",POINT (-80.8209142 35.4806559),3716400,DISABLT,INDEPLIVE,CrdPrv,Independent Living Disability
2023,NC,North Carolina,Davidson,BRFSS,Disability,Mobility disability among adults,%,Age-adjusted prevalence,7.9,6.8,9.2,"15,106",POINT (-80.8209142 35.4806559),3716400,DISABLT,MOBILITY,AgeAdjPrv,Mobility Disability
2023,NC,North Carolina,Davidson,BRFSS,Disability,Mobility disability among adults,%,Crude prevalence,9,7.6,10.5,"15,106",POINT (-80.8209142 35.4806559),3716400,DISABLT,MOBILITY,CrdPrv,Mobility Disability
2023,NC,North Carolina,Davidson,BRFSS,Disability,Self-care disability among adults,%,Age-adjusted prevalence,2.1,1.8,2.3,"15,106",POINT (-80.8209142 35.4806559),3716400,DISABLT,SELFCARE,AgeAdjPrv,Self-care Disability
2023,NC,North Carolina,Davidson,BRFSS,Disability,Self-care disability among adults,%,Crude prevalence,2.2,2,2.5,"15,106",POINT (-80.8209142 35.4806559),3716400,DISABLT,SELFCARE,CrdPrv,Self-care Disability
2023,NC,North Carolina,Davidson,BRFSS,Disability,Vision disability among adults,%,Age-adjusted prevalence,2.8,2.5,3.1,"15,106",POINT (-80.8209142 35.4806559),3716400,DISABLT,VISION,AgeAdjPrv,Vision Disability
2023,NC,North Carolina,Davidson,BRFSS,Disability,Vision disability among adults,%,Crude prevalence,3,2.7,3.4,"15,106",POINT (-80.8209142 35.4806559),3716400,DISABLT,VISION,CrdPrv,Vision Disability
2023,NC,North Carolina,Davidson,BRFSS,Health Outcomes,Arthritis among adults,%,Age-adjusted prevalence,21.1,18.5,23.6,"15,106",POINT (-80.8209142 35.4806559),3716400,HLTHOUT,ARTHRITIS,AgeAdjPrv,Arthritis
2023,NC,North Carolina,Davidson,BRFSS,Health Outcomes,Arthritis among adults,%,Crude prevalence,23.2,20.5,25.9,"15,106",POINT (-80.8209142 35.4806559),3716400,HLTHOUT,ARTHRITIS,CrdPrv,Arthritis
2023,NC,North Carolina,Davidson,BRFSS,Health Outcomes,High blood pressure among adults,%,Age-adjusted prevalence,25.8,22.7,28.9,"15,106",POINT (-80.8209142 35.4806559),3716400,HLTHOUT,BPHIGH,AgeAdjPrv,High Blood Pressure
2023,NC,North Carolina,Davidson,BRFSS,Health Outcomes,High blood pressure among adults,%,Crude prevalence,27.9,24.7,31,"15,106",POINT (-80.8209142 35.4806559),3716400,HLTHOUT,BPHIGH,CrdPrv,High Blood Pressure
2023,NC,North Carolina,Davidson,BRFSS,Health Outcomes,Cancer (non-skin) or melanoma among adults,%,Age-adjusted prevalence,7.8,7,8.5,"15,106",POINT (-80.8209142 35.4806559),3716400,HLTHOUT,CANCER,AgeAdjPrv,Cancer (non-skin) or Melanoma
2023,NC,North Carolina,Davidson,BRFSS,Health Outcomes,Cancer (non-skin) or melanoma among adults,%,Crude prevalence,8.9,8,9.7,"15,106",POINT (-80.8209142 35.4806559),3716400,HLTHOUT,CANCER,CrdPrv,Cancer (non-skin) or Melanoma
2023,NC,North Carolina,Davidson,BRFSS,Health Outcomes,Current asthma among adults,%,Age-adjusted prevalence,9.8,8.6,11.1,"15,106",POINT (-80.8209142 35.4806559),3716400,HLTHOUT,CASTHMA,AgeAdjPrv,Current Asthma
2023,NC,North Carolina,Davidson,BRFSS,Health Outcomes,Current asthma among adults,%,Crude prevalence,9.8,8.6,11.1,"15,106",POINT (-80.8209142 35.4806559),3716400,HLTHOUT,CASTHMA,CrdPrv,Current Asthma
2023,NC,North Carolina,Davidson,BRFSS,Health Outcomes,Coronary heart disease among adults,%,Age-adjusted prevalence,4.2,3.7,4.7,"15,106",POINT (-80.8209142 35.4806559),3716400,HLTHOUT,CHD,AgeAdjPrv,Coronary Heart Disease
2023,NC,North Carolina,Davidson,BRFSS,Health Outcomes,Coronary heart disease among adults,%,Crude prevalence,4.9,4.3,5.5,"15,106",POINT (-80.8209142 35.4806559),3716400,HLTHOUT,CHD,CrdPrv,Coronary Heart Disease
2023,NC,North Carolina,Davidson,BRFSS,Health Outcomes,Chronic obstructive pulmonary disease among adults,%,Age-adjusted prevalence,4,3.4,4.6,"15,106",POINT (-80.8209142 35.4806559),3716400,HLTHOUT,COPD,AgeAdjPrv,COPD
2023,NC,North Carolina,Davidson,BRFSS,Health Outcomes,Chronic obstructive pulmonary disease among adults,%,Crude prevalence,4.4,3.7,5.1,"15,106",POINT (-80.8209142 35.4806559),3716400,HLTHOUT,COPD,CrdPrv,COPD
2023,NC,North Carolina,Davidson,BRFSS,Health Outcomes,Depression among adults,%,Age-adjusted prevalence,24.6,21.3,28.1,"15,106",POINT (-80.8209142 35.4806559),3716400,HLTHOUT,DEPRESSION,AgeAdjPrv,Depression
2023,NC,North Carolina,Davidson,BRFSS,Health Outcomes,Depression among adults,%,Crude prevalence,23.9,20.7,27.4,"15,106",POINT (-80.8209142 35.4806559),3716400,HLTHOUT,DEPRESSION,CrdPrv,Depression
2023,NC,North Carolina,Davidson,BRFSS,Health Outcomes,Diagnosed diabetes among adults,%,Age-adjusted prevalence,6.9,5.9,8,"15,106",POINT (-80.8209142 35.4806559),3716400,HLTHOUT,DIABETES,AgeAdjPrv,Diabetes
2023,NC,North Carolina,Davidson,BRFSS,Health Outcomes,Diagnosed diabetes among adults,%,Crude prevalence,7.7,6.6,8.9,"15,106",POINT (-80.8209142 35.4806559),3716400,HLTHOUT,DIABETES,CrdPrv,Diabetes
2023,NC,North Carolina,Davidson,BRFSS,Health Outcomes,High cholesterol among adults who have ever been screened,%,Age-adjusted prevalence,30.2,26.5,33.7,"15,106",POINT (-80.8209142 35.4806559),3716400,HLTHOUT,HIGHCHOL,AgeAdjPrv,High Cholesterol
2023,NC,North Carolina,Davidson,BRFSS,Health Outcomes,High cholesterol among adults who have ever been screened,%,Crude prevalence,33.1,29.5,36.7,"15,106",POINT (-80.8209142 35.4806559),3716400,HLTHOUT,HIGHCHOL,CrdPrv,High Cholesterol
2023,NC,North Carolina,Davidson,BRFSS,Health Outcomes,Obesity among adults,%,Age-adjusted prevalence,24.7,20.2,29.2,"15,106",POINT (-80.8209142 35.4806559),3716400,HLTHOUT,OBESITY,AgeAdjPrv,Obesity
2023,NC,North Carolina,Davidson,BRFSS,Health Outcomes,Obesity among adults,%,Crude prevalence,23.5,19.3,28,"15,106",POINT (-80.8209142 35.4806559),3716400,HLTHOUT,OBESITY,CrdPrv,Obesity
2023,NC,North Carolina,Davidson,BRFSS,Health Outcomes,Stroke among adults,%,Age-adjusted prevalence,2.1,1.9,2.4,"15,106",POINT (-80.8209142 35.4806559),3716400,HLTHOUT,STROKE,AgeAdjPrv,Stroke
2023,NC,North Carolina,Davidson,BRFSS,Health Outcomes,Stroke among adults,%,Crude prevalence,2.4,2.2,2.7,"15,106",POINT (-80.8209142 35.4806559),3716400,HLTHOUT,STROKE,CrdPrv,Stroke
2023,NC,North Carolina,Davidson,BRFSS,Health Status,Fair or poor self-rated health status among adults,%,Age-adjusted prevalence,10.6,9.1,12.4,"15,106",POINT (-80.8209142 35.4806559),3716400,HLTHSTAT,GHLTH,AgeAdjPrv,General Health
2023,NC,North Carolina,Davidson,BRFSS,Health Status,Fair or poor self-rated health status among adults,%,Crude prevalence,11,9.4,12.9,"15,106",POINT (-80.8209142 35.4806559),3716400,HLTHSTAT,GHLTH,CrdPrv,General Health
2023,NC,North Carolina,Davidson,BRFSS,Health Status,Frequent mental distress among adults,%,Age-adjusted prevalence,14.4,12.7,16.4,"15,106",POINT (-80.8209142 35.4806559),3716400,HLTHSTAT,MHLTH,AgeAdjPrv,Frequent Mental Distress
2023,NC,North Carolina,Davidson,BRFSS,Health Status,Frequent mental distress among adults,%,Crude prevalence,14,12.2,16,"15,106",POINT (-80.8209142 35.4806559),3716400,HLTHSTAT,MHLTH,CrdPrv,Frequent Mental Distress
2023,NC,North Carolina,Davidson,BRFSS,Health Status,Frequent physical distress among adults,%,Age-adjusted prevalence,8.9,7.8,10.1,"15,106",POINT (-80.8209142 35.4806559),3716400,HLTHSTAT,PHLTH,AgeAdjPrv,Frequent Physical Distress
2023,NC,North Carolina,Davidson,BRFSS,Health Status,Frequent physical distress among adults,%,Crude prevalence,9.2,8,10.6,"15,106",POINT (-80.8209142 35.4806559),3716400,HLTHSTAT,PHLTH,CrdPrv,Frequent Physical Distress
2023,NC,North Carolina,Davidson,BRFSS,Prevention,Current lack of health insurance among adults aged 18-64 years,%,Age-adjusted prevalence,6,4.9,7.2,"15,106",POINT (-80.8209142 35.4806559),3716400,PREVENT,ACCESS2,AgeAdjPrv,Health Insurance
2023,NC,North Carolina,Davidson,BRFSS,Prevention,Current lack of health insurance among adults aged 18-64 years,%,Crude prevalence,5.5,4.4,6.9,"15,106",POINT (-80.8209142 35.4806559),3716400,PREVENT,ACCESS2,CrdPrv,Health Insurance
2023,NC,North Carolina,Davidson,BRFSS,Prevention,Taking medicine to control high blood pressure among adults with high blood pressure,%,Age-adjusted prevalence,55.8,51.1,60.1,"15,106",POINT (-80.8209142 35.4806559),3716400,PREVENT,BPMED,AgeAdjPrv,High Blood Pressure Medication
2023,NC,North Carolina,Davidson,BRFSS,Prevention,Taking medicine to control high blood pressure among adults with high blood pressure,%,Crude prevalence,75.9,72.6,78.7,"15,106",POINT (-80.8209142 35.4806559),3716400,PREVENT,BPMED,CrdPrv,High Blood Pressure Medication
2023,NC,North Carolina,Davidson,BRFSS,Prevention,Visits to doctor for routine checkup within the past year among adults,%,Age-adjusted prevalence,77.9,74.3,81,"15,106",POINT (-80.8209142 35.4806559),3716400,PREVENT,CHECKUP,AgeAdjPrv,Annual Checkup
2023,NC,North Carolina,Davidson,BRFSS,Prevention,Visits to doctor for routine checkup within the past year among adults,%,Crude prevalence,79.4,75.9,82.3,"15,106",POINT (-80.8209142 35.4806559),3716400,PREVENT,CHECKUP,CrdPrv,Annual Checkup
2023,NC,North Carolina,Davidson,BRFSS,Prevention,Cholesterol screening among adults,%,Age-adjusted prevalence,89.1,87.3,90.6,"15,106",POINT (-80.8209142 35.4806559),3716400,PREVENT,CHOLSCREEN,AgeAdjPrv,Cholesterol Screening
2023,NC,North Carolina,Davidson,BRFSS,Prevention,Cholesterol screening among adults,%,Crude prevalence,89,87,90.6,"15,106",POINT (-80.8209142 35.4806559),3716400,PREVENT,CHOLSCREEN,CrdPrv,Cholesterol Screening
2023,NC,North Carolina,Davidson,BRFSS,Health Risk Behaviors,Binge drinking among adults,%,Age-adjusted prevalence,18,15,21.1,"15,106",POINT (-80.8209142 35.4806559),3716400,RISKBEH,BINGE,AgeAdjPrv,Binge Drinking
2023,NC,North Carolina,Davidson,BRFSS,Health Risk Behaviors,Binge drinking among adults,%,Crude prevalence,16.7,13.9,19.6,"15,106",POINT (-80.8209142 35.4806559),3716400,RISKBEH,BINGE,CrdPrv,Binge Drinking
2023,NC,North Carolina,Davidson,BRFSS,Health Risk Behaviors,Current cigarette smoking among adults,%,Age-adjusted prevalence,8,6.6,9.6,"15,106",POINT (-80.8209142 35.4806559),3716400,RISKBEH,CSMOKING,AgeAdjPrv,Current Cigarette Smoking
2023,NC,North Carolina,Davidson,BRFSS,Health Risk Behaviors,Current cigarette smoking among adults,%,Crude prevalence,7.3,6,8.9,"15,106",POINT (-80.8209142 35.4806559),3716400,RISKBEH,CSMOKING,CrdPrv,Current Cigarette Smoking
2023,NC,North Carolina,Davidson,BRFSS,Health Risk Behaviors,No leisure-time physical activity among adults,%,Age-adjusted prevalence,14.6,12.2,17.4,"15,106",POINT (-80.8209142 35.4806559),3716400,RISKBEH,LPA,AgeAdjPrv,Physical Inactivity
2023,NC,North Carolina,Davidson,BRFSS,Health Risk Behaviors,No leisure-time physical activity among adults,%,Crude prevalence,15,12.4,17.8,"15,106",POINT (-80.8209142 35.4806559),3716400,RISKBEH,LPA,CrdPrv,Physical Inactivity
2023,NC,North Carolina,Davidson,BRFSS,Health-Related Social Needs,Lack of social and emotional support among adults,%,Age-adjusted prevalence,18.5,15.6,21.7,"15,106",POINT (-80.8209142 35.4806559),3716400,SOCLNEED,EMOTIONSPT,AgeAdjPrv,Lack of Social/Emotional Support
2023,NC,North Carolina,Davidson,BRFSS,Health-Related Social Needs,Lack of social and emotional support among adults,%,Crude prevalence,18.2,15.3,21.5,"15,106",POINT (-80.8209142 35.4806559),3716400,SOCLNEED,EMOTIONSPT,CrdPrv,Lack of Social/Emotional Support
2023,NC,North Carolina,Davidson,BRFSS,Health-Related Social Needs,Food insecurity in the past 12 months among adults,%,Age-adjusted prevalence,7,5.7,8.6,"15,106",POINT (-80.8209142 35.4806559),3716400,SOCLNEED,FOODINSECU,AgeAdjPrv,Food Insecurity
2023,NC,North Carolina,Davidson,BRFSS,Health-Related Social Needs,Food insecurity in the past 12 months among adults,%,Crude prevalence,6.7,5.3,8.4,"15,106",POINT (-80.8209142 35.4806559),3716400,SOCLNEED,FOODINSECU,CrdPrv,Food Insecurity
2023,NC,North Carolina,Davidson,BRFSS,Health-Related Social Needs,Received food stamps in the past 12 months among adults,%,Age-adjusted prevalence,4.7,3.7,5.8,"15,106",POINT (-80.8209142 35.4806559),3716400,SOCLNEED,FOODSTAMP,AgeAdjPrv,Food Stamps
2023,NC,North Carolina,Davidson,BRFSS,Health-Related Social Needs,Received food stamps in the past 12 months among adults,%,Crude prevalence,4.2,3.3,5.3,"15,106",POINT (-80.8209142 35.4806559),3716400,SOCLNEED,FOODSTAMP,CrdPrv,Food Stamps
2023,NC,North Carolina,Davidson,BRFSS,Health-Related Social Needs,Housing insecurity in the past 12 months among adults,%,Age-adjusted prevalence,6.6,5.5,7.9,"15,106",POINT (-80.8209142 35.4806559),3716400,SOCLNEED,HOUSINSECU,AgeAdjPrv,Housing Insecurity
2023,NC,North Carolina,Davidson,BRFSS,Health-Related Social Needs,Housing insecurity in the past 12 months among adults,%,Crude prevalence,5.9,4.8,7.1,"15,106",POINT (-80.8209142 35.4806559),3716400,SOCLNEED,HOUSINSECU,CrdPrv,Housing Insecurity
2023,NC,North Carolina,Davidson,BRFSS,Health-Related Social Needs,Lack of reliable transportation in the past 12 months among adults,%,Age-adjusted prevalence,4.7,4,5.5,"15,106",POINT (-80.8209142 35.4806559),3716400,SOCLNEED,LACKTRPT,AgeAdjPrv,Transportation Barriers
2023,NC,North Carolina,Davidson,BRFSS,Health-Related Social Needs,Lack of reliable transportation in the past 12 months among adults,%,Crude prevalence,4.6,3.9,5.6,"15,106",POINT (-80.8209142 35.4806559),3716400,SOCLNEED,LACKTRPT,CrdPrv,Transportation Barriers
2023,NC,North Carolina,Davidson,BRFSS,Health-Related Social Needs,Loneliness among adults,%,Age-adjusted prevalence,29.4,25.2,34.1,"15,106",POINT (-80.8209142 35.4806559),3716400,SOCLNEED,LONELINESS,AgeAdjPrv,Loneliness
2023,NC,North Carolina,Davidson,BRFSS,Health-Related Social Needs,Loneliness among adults,%,Crude prevalence,29.6,25.4,34.3,"15,106",POINT (-80.8209142 35.4806559),3716400,SOCLNEED,LONELINESS,CrdPrv,Loneliness
2023,NC,North Carolina,Davidson,BRFSS,Health-Related Social Needs,Utility services shut-off threat in the past 12 months among adults,%,Age-adjusted prevalence,4.4,3.7,5.2,"15,106",POINT (-80.8209142 35.4806559),3716400,SOCLNEED,SHUTUTILITY,AgeAdjPrv,Utility Services Threat
2023,NC,North Carolina,Davidson,BRFSS,Health-Related Social Needs,Utility services shut-off threat in the past 12 months among adults,%,Crude prevalence,3.9,3.2,4.6,"15,106",POINT (-80.8209142 35.4806559),3716400,SOCLNEED,SHUTUTILITY,CrdPrv,Utility Services Threat
2019,NC,North Carolina,Huntersville,BRFSS,Health Outcomes,Diagnosed diabetes among adults aged >=18 years,%,Age-adjusted prevalence,7.4,7.2,7.6,"46,933",POINT (-80.87857903 35.40587489),3733120,HLTHOUT,DIABETES,AgeAdjPrv,Diabetes
2019,NC,North Carolina,Huntersville,BRFSS,Health Outcomes,Chronic obstructive pulmonary disease among adults aged >=18 years,%,Age-adjusted prevalence,4.6,4.4,4.9,"46,933",POINT (-80.87857903 35.40587489),3733120,HLTHOUT,COPD,AgeAdjPrv,COPD
2019,NC,North Carolina,Huntersville,BRFSS,Health Risk Behaviors,Binge drinking among adults aged >=18 years,%,Age-adjusted prevalence,20.1,19.9,20.3,"46,933",POINT (-80.87857903 35.40587489),3733120,RISKBEH,BINGE,AgeAdjPrv,Binge Drinking
2018,NC,North Carolina,Huntersville,BRFSS,Prevention,Cervical cancer screening among adult women aged 21-65 years,%,Age-adjusted prevalence,89.3,88.7,89.8,"46,933",POINT (-80.87857903 35.40587489),3733120,PREVENT,CERVICAL,AgeAdjPrv,Cervical Cancer Screening
2019,NC,North Carolina,Huntersville,BRFSS,Prevention,Taking medicine for high blood pressure control among adults aged >=18 years with high blood pressure,%,Crude prevalence,67,66.6,67.5,"46,933",POINT (-80.87857903 35.40587489),3733120,PREVENT,BPMED,CrdPrv,Taking BP Medication
2019,NC,North Carolina,Huntersville,BRFSS,Health Outcomes,Obesity among adults aged >=18 years,%,Age-adjusted prevalence,24.5,24.1,24.9,"46,933",POINT (-80.87857903 35.40587489),3733120,HLTHOUT,OBESITY,AgeAdjPrv,Obesity
2019,NC,North Carolina,Huntersville,BRFSS,Prevention,Visits to doctor for routine checkup within the past year among adults aged >=18 years,%,Age-adjusted prevalence,76.8,76.5,77.1,"46,933",POINT (-80.87857903 35.40587489),3733120,PREVENT,CHECKUP,AgeAdjPrv,Annual Checkup
2018,NC,North Carolina,Huntersville,BRFSS,Health Outcomes,All teeth lost among adults aged >=65 years,%,Crude prevalence,7.6,6.5,8.9,"46,933",POINT (-80.87857903 35.40587489),3733120,HLTHOUT,TEETHLOST,CrdPrv,All Teeth Lost
2019,NC,North Carolina,Huntersville,BRFSS,Health Outcomes,Coronary heart disease among adults aged >=18 years,%,Crude prevalence,3.6,3.4,3.7,"46,933",POINT (-80.87857903 35.40587489),3733120,HLTHOUT,CHD,CrdPrv,Coronary Heart Disease
2019,NC,North Carolina,Huntersville,BRFSS,Health Status,Fair or poor self-rated health status among adults aged >=18 years,%,Age-adjusted prevalence,11.7,11.1,12.3,"46,933",POINT (-80.87857903 35.40587489),3733120,HLTHSTAT,GHLTH,AgeAdjPrv,General Health
2018,NC,North Carolina,Huntersville,BRFSS,Prevention,"Fecal occult blood test, sigmoidoscopy, or colonoscopy among adults aged 50-75 years",%,Crude prevalence,70.7,69.6,71.7,"46,933",POINT (-80.87857903 35.40587489),3733120,PREVENT,COLON_SCREEN,CrdPrv,Colorectal Cancer Screening
2019,NC,North Carolina,Huntersville,BRFSS,Health Outcomes,Current asthma among adults aged >=18 years,%,Age-adjusted prevalence,8.2,8,8.3,"46,933",POINT (-80.87857903 35.40587489),3733120,HLTHOUT,CASTHMA,AgeAdjPrv,Current Asthma
2019,NC,North Carolina,Huntersville,BRFSS,Health Outcomes,Current asthma among adults aged >=18 years,%,Crude prevalence,8.2,8.1,8.4,"46,933",POINT (-80.87857903 35.40587489),3733120,HLTHOUT,CASTHMA,CrdPrv,Current Asthma
2019,NC,North Carolina,Huntersville,BRFSS,Health Outcomes,Depression among adults aged >=18 years,%,Crude prevalence,22.5,22.1,22.9,"46,933",POINT (-80.87857903 35.40587489),3733120,HLTHOUT,DEPRESSION,CrdPrv,Depression
2019,NC,North Carolina,Huntersville,BRFSS,Prevention,Current lack of health insurance among adults aged 18-64 years,%,Crude prevalence,12.2,11.4,13,"46,933",POINT (-80.87857903 35.40587489),3733120,PREVENT,ACCESS2,CrdPrv,Health Insurance
2019,NC,North Carolina,Huntersville,BRFSS,Health Outcomes,Cancer (excluding skin cancer) among adults aged >=18 years,%,Crude prevalence,5.6,5.6,5.7,"46,933",POINT (-80.87857903 35.40587489),3733120,HLTHOUT,CANCER,CrdPrv,Cancer (except skin)
2019,NC,North Carolina,Huntersville,BRFSS,Health Outcomes,Stroke among adults aged >=18 years,%,Age-adjusted prevalence,2.4,2.3,2.4,"46,933",POINT (-80.87857903 35.40587489),3733120,HLTHOUT,STROKE,AgeAdjPrv,Stroke
2019,NC,North Carolina,Huntersville,BRFSS,Health Outcomes,High cholesterol among adults aged >=18 years who have been screened in the past 5 years,%,Crude prevalence,28.7,28.4,28.9,"46,933",POINT (-80.87857903 35.40587489),3733120,HLTHOUT,HIGHCHOL,CrdPrv,High Cholesterol
2019,NC,North Carolina,Huntersville,BRFSS,Health Outcomes,Arthritis among adults aged >=18 years,%,Age-adjusted prevalence,20.2,19.9,20.5,"46,933",POINT (-80.87857903 35.40587489),3733120,HLTHOUT,ARTHRITIS,AgeAdjPrv,Arthritis
2018,NC,North Carolina,Huntersville,BRFSS,Prevention,"Older adult men aged >=65 years who are up to date on a core set of clinical preventive services: Flu shot past year, PPV shot ever, Colorectal cancer screening",%,Age-adjusted prevalence,46.7,44.5,48.7,"46,933",POINT (-80.87857903 35.40587489),3733120,PREVENT,COREM,AgeAdjPrv,Core preventive services for older men
2019,NC,North Carolina,Huntersville,BRFSS,Health Outcomes,Arthritis among adults aged >=18 years,%,Crude prevalence,18.6,18.3,19,"46,933",POINT (-80.87857903 35.40587489),3733120,HLTHOUT,ARTHRITIS,CrdPrv,Arthritis
2019,NC,North Carolina,Huntersville,BRFSS,Health Outcomes,High blood pressure among adults aged >=18 years,%,Crude prevalence,24.6,24.3,25,"46,933",POINT (-80.87857903 35.40587489),3733120,HLTHOUT,BPHIGH,CrdPrv,High Blood Pressure
2018,NC,North Carolina,Huntersville,BRFSS,Prevention,Mammography use among women aged 50-74 years,%,Crude prevalence,80.1,78.9,81.1,"46,933",POINT (-80.87857903 35.40587489),3733120,PREVENT,MAMMOUSE,CrdPrv,Mammography
2019,NC,North Carolina,Huntersville,BRFSS,Health Outcomes,High cholesterol among adults aged >=18 years who have been screened in the past 5 years,%,Age-adjusted prevalence,28.7,28.4,28.9,"46,933",POINT (-80.87857903 35.40587489),3733120,HLTHOUT,HIGHCHOL,AgeAdjPrv,High Cholesterol
2019,NC,North Carolina,Huntersville,BRFSS,Health Outcomes,Chronic obstructive pulmonary disease among adults aged >=18 years,%,Crude prevalence,4.3,4.1,4.6,"46,933",POINT (-80.87857903 35.40587489),3733120,HLTHOUT,COPD,CrdPrv,COPD
2019,NC,North Carolina,Huntersville,BRFSS,Health Outcomes,Stroke among adults aged >=18 years,%,Crude prevalence,2,2,2.1,"46,933",POINT (-80.87857903 35.40587489),3733120,HLTHOUT,STROKE,CrdPrv,Stroke
2018,NC,North Carolina,Huntersville,BRFSS,Prevention,Visits to dentist or dental clinic among adults aged >=18 years,%,Age-adjusted prevalence,76.6,75.6,77.6,"46,933",POINT (-80.87857903 35.40587489),3733120,PREVENT,DENTAL,AgeAdjPrv,Dental Visit
2019,NC,North Carolina,Huntersville,BRFSS,Health Outcomes,Chronic kidney disease among adults aged >=18 years,%,Age-adjusted prevalence,2.2,2.2,2.3,"46,933",POINT (-80.87857903 35.40587489),3733120,HLTHOUT,KIDNEY,AgeAdjPrv,Chronic Kidney Disease
2018,NC,North Carolina,Huntersville,BRFSS,Prevention,Visits to dentist or dental clinic among adults aged >=18 years,%,Crude prevalence,76.1,75,77.2,"46,933",POINT (-80.87857903 35.40587489),3733120,PREVENT,DENTAL,CrdPrv,Dental Visit
2019,NC,North Carolina,Huntersville,BRFSS,Health Risk Behaviors,Current smoking among adults aged >=18 years,%,Crude prevalence,14.2,13.2,15.2,"46,933",POINT (-80.87857903 35.40587489),3733120,RISKBEH,CSMOKING,CrdPrv,Current Smoking
2019,NC,North Carolina,Huntersville,BRFSS,Health Outcomes,Chronic kidney disease among adults aged >=18 years,%,Crude prevalence,1.9,1.9,2,"46,933",POINT (-80.87857903 35.40587489),3733120,HLTHOUT,KIDNEY,CrdPrv,Chronic Kidney Disease
2019,NC,North Carolina,Huntersville,BRFSS,Health Risk Behaviors,No leisure-time physical activity among adults aged >=18 years,%,Crude prevalence,16.8,16.1,17.5,"46,933",POINT (-80.87857903 35.40587489),3733120,RISKBEH,LPA,CrdPrv,Physical Inactivity
2019,NC,North Carolina,Huntersville,BRFSS,Health Risk Behaviors,Binge drinking among adults aged >=18 years,%,Crude prevalence,21.1,20.9,21.4,"46,933",POINT (-80.87857903 35.40587489),3733120,RISKBEH,BINGE,CrdPrv,Binge Drinking
2018,NC,North Carolina,Huntersville,BRFSS,Health Risk Behaviors,Sleeping less than 7 hours among adults aged >=18 years,%,Age-adjusted prevalence,31.2,30.7,31.7,"46,933",POINT (-80.87857903 35.40587489),3733120,RISKBEH,SLEEP,AgeAdjPrv,Sleep <7 hours
2019,NC,North Carolina,Huntersville,BRFSS,Prevention,Visits to doctor for routine checkup within the past year among adults aged >=18 years,%,Crude prevalence,75.5,75.2,75.8,"46,933",POINT (-80.87857903 35.40587489),3733120,PREVENT,CHECKUP,CrdPrv,Annual Checkup
2018,NC,North Carolina,Huntersville,BRFSS,Health Risk Behaviors,Sleeping less than 7 hours among adults aged >=18 years,%,Crude prevalence,32.5,31.9,33,"46,933",POINT (-80.87857903 35.40587489),3733120,RISKBEH,SLEEP,CrdPrv,Sleep <7 hours
2018,NC,North Carolina,Huntersville,BRFSS,Health Outcomes,All teeth lost among adults aged >=65 years,%,Age-adjusted prevalence,8,6.8,9.3,"46,933",POINT (-80.87857903 35.40587489),3733120,HLTHOUT,TEETHLOST,AgeAdjPrv,All Teeth Lost
2019,NC,North Carolina,Huntersville,BRFSS,Health Risk Behaviors,No leisure-time physical activity among adults aged >=18 years,%,Age-adjusted prevalence,16.9,16.3,17.7,"46,933",POINT (-80.87857903 35.40587489),3733120,RISKBEH,LPA,AgeAdjPrv,Physical Inactivity
2019,NC,North Carolina,Huntersville,BRFSS,Health Status,Mental health not good for >=14 days among adults aged >=18 years,%,Age-adjusted prevalence,11.8,11.4,12.2,"46,933",POINT (-80.87857903 35.40587489),3733120,HLTHSTAT,MHLTH,AgeAdjPrv,Mental Health
2019,NC,North Carolina,Huntersville,BRFSS,Prevention,Taking medicine for high blood pressure control among adults aged >=18 years with high blood pressure,%,Age-adjusted prevalence,54.3,53.9,54.6,"46,933",POINT (-80.87857903 35.40587489),3733120,PREVENT,BPMED,AgeAdjPrv,Taking BP Medication
2019,NC,North Carolina,Huntersville,BRFSS,Health Risk Behaviors,Current smoking among adults aged >=18 years,%,Age-adjusted prevalence,13,12.1,13.8,"46,933",POINT (-80.87857903 35.40587489),3733120,RISKBEH,CSMOKING,AgeAdjPrv,Current Smoking
2018,NC,North Carolina,Huntersville,BRFSS,Prevention,"Older adult women aged >=65 years who are up to date on a core set of clinical preventive services: Flu shot past year, PPV shot ever, Colorectal cancer screening, and Mammogram past 2 years",%,Age-adjusted prevalence,43.4,41.4,45.4,"46,933",POINT (-80.87857903 35.40587489),3733120,PREVENT,COREW,AgeAdjPrv,Core preventive services for older women
2018,NC,North Carolina,Huntersville,BRFSS,Prevention,Cervical cancer screening among adult women aged 21-65 years,%,Crude prevalence,89.9,89.4,90.5,"46,933",POINT (-80.87857903 35.40587489),3733120,PREVENT,CERVICAL,CrdPrv,Cervical Cancer Screening
2019,NC,North Carolina,Huntersville,BRFSS,Prevention,Cholesterol screening among adults aged >=18 years,%,Crude prevalence,88.4,88,88.8,"46,933",POINT (-80.87857903 35.40587489),3733120,PREVENT,CHOLSCREEN,CrdPrv,Cholesterol Screening
2018,NC,North Carolina,Huntersville,BRFSS,Prevention,Mammography use among women aged 50-74 years,%,Age-adjusted prevalence,78,76.9,79.1,"46,933",POINT (-80.87857903 35.40587489),3733120,PREVENT,MAMMOUSE,AgeAdjPrv,Mammography
2019,NC,North Carolina,Huntersville,BRFSS,Health Outcomes,Diagnosed diabetes among adults aged >=18 years,%,Crude prevalence,6.7,6.5,6.9,"46,933",POINT (-80.87857903 35.40587489),3733120,HLTHOUT,DIABETES,CrdPrv,Diabetes
2018,NC,North Carolina,Huntersville,BRFSS,Prevention,"Fecal occult blood test, sigmoidoscopy, or colonoscopy among adults aged 50-75 years",%,Age-adjusted prevalence,72.2,71.2,73.2,"46,933",POINT (-80.87857903 35.40587489),3733120,PREVENT,COLON_SCREEN,AgeAdjPrv,Colorectal Cancer Screening
2019,NC,North Carolina,Huntersville,BRFSS,Health Status,Mental health not good for >=14 days among adults aged >=18 years,%,Crude prevalence,12.1,11.7,12.6,"46,933",POINT (-80.87857903 35.40587489),3733120,HLTHSTAT,MHLTH,CrdPrv,Mental Health
2019,NC,North Carolina,Huntersville,BRFSS,Health Outcomes,Cancer (excluding skin cancer) among adults aged >=18 years,%,Age-adjusted prevalence,6.6,6.6,6.7,"46,933",POINT (-80.87857903 35.40587489),3733120,HLTHOUT,CANCER,AgeAdjPrv,Cancer (except skin)
2019,NC,North Carolina,Huntersville,BRFSS,Health Outcomes,High blood pressure among adults aged >=18 years,%,Age-adjusted prevalence,26.5,26.2,26.9,"46,933",POINT (-80.87857903 35.40587489),3733120,HLTHOUT,BPHIGH,AgeAdjPrv,High Blood Pressure
2019,NC,North Carolina,Huntersville,BRFSS,Health Outcomes,Obesity among adults aged >=18 years,%,Crude prevalence,25.6,25.1,26,"46,933",POINT (-80.87857903 35.40587489),3733120,HLTHOUT,OBESITY,CrdPrv,Obesity
2019,NC,North Carolina,Huntersville,BRFSS,Health Status,Fair or poor self-rated health status among adults aged >=18 years,%,Crude prevalence,11.5,10.9,12.1,"46,933",POINT (-80.87857903 35.40587489),3733120,HLTHSTAT,GHLTH,CrdPrv,General Health
2019,NC,North Carolina,Huntersville,BRFSS,Health Status,Physical health not good for >=14 days among adults aged >=18 years,%,Age-adjusted prevalence,8.7,8.4,9.1,"46,933",POINT (-80.87857903 35.40587489),3733120,HLTHSTAT,PHLTH,AgeAdjPrv,Physical Health
2019,NC,North Carolina,Huntersville,BRFSS,Prevention,Current lack of health insurance among adults aged 18-64 years,%,Age-adjusted prevalence,12.2,11.4,12.9,"46,933",POINT (-80.87857903 35.40587489),3733120,PREVENT,ACCESS2,AgeAdjPrv,Health Insurance
2019,NC,North Carolina,Huntersville,BRFSS,Health Status,Physical health not good for >=14 days among adults aged >=18 years,%,Crude prevalence,8.6,8.3,9,"46,933",POINT (-80.87857903 35.40587489),3733120,HLTHSTAT,PHLTH,CrdPrv,Physical Health
2018,NC,North Carolina,Huntersville,BRFSS,Prevention,"Older adult men aged >=65 years who are up to date on a core set of clinical preventive services: Flu shot past year, PPV shot ever, Colorectal cancer screening",%,Crude prevalence,45.6,43.4,47.8,"46,933",POINT (-80.87857903 35.40587489),3733120,PREVENT,COREM,CrdPrv,Core preventive services for older men
2019,NC,North Carolina,Huntersville,BRFSS,Health Outcomes,Depression among adults aged >=18 years,%,Age-adjusted prevalence,21.8,21.5,22.3,"46,933",POINT (-80.87857903 35.40587489),3733120,HLTHOUT,DEPRESSION,AgeAdjPrv,Depression
2019,NC,North Carolina,Huntersville,BRFSS,Health Outcomes,Coronary heart disease among adults aged >=18 years,%,Age-adjusted prevalence,4.3,4.2,4.5,"46,933",POINT (-80.87857903 35.40587489),3733120,HLTHOUT,CHD,AgeAdjPrv,Coronary Heart Disease
2019,NC,North Carolina,Huntersville,BRFSS,Prevention,Cholesterol screening among adults aged >=18 years,%,Age-adjusted prevalence,88.5,88.1,88.9,"46,933",POINT (-80.87857903 35.40587489),3733120,PREVENT,CHOLSCREEN,AgeAdjPrv,Cholesterol Screening
2018,NC,North Carolina,Huntersville,BRFSS,Prevention,"Older adult women aged >=65 years who are up to date on a core set of clinical preventive services: Flu shot past year, PPV shot ever, Colorectal cancer screening, and Mammogram past 2 years",%,Crude prevalence,43.2,41.2,45.1,"46,933",POINT (-80.87857903 35.40587489),3733120,PREVENT,COREW,CrdPrv,Core preventive services for older women
2020,NC,North Carolina,Huntersville,BRFSS,Prevention,Mammography use among women aged 50-74 years,%,Age-adjusted prevalence,79.1,78,80.1,"46,933",POINT (-80.87857903 35.40587489),3733120,PREVENT,MAMMOUSE,AgeAdjPrv,Mammography
2021,NC,North Carolina,Huntersville,BRFSS,Prevention,Taking medicine for high blood pressure control among adults aged >=18 years with high blood pressure,%,Crude prevalence,70.3,66.3,74.1,"46,933",POINT (-80.87857903 35.40587489),3733120,PREVENT,BPMED,CrdPrv,Taking BP Medication
2021,NC,North Carolina,Huntersville,BRFSS,Disability,Any disability among adults aged >=18 years,%,Crude prevalence,20.2,17.9,22.7,"46,933",POINT (-80.87857903 35.40587489),3733120,DISABLT,DISABILITY,CrdPrv,Any Disability
2021,NC,North Carolina,Huntersville,BRFSS,Disability,Cognitive disability among adults ages >=18 years,%,Age-adjusted prevalence,9.5,8.3,10.7,"46,933",POINT (-80.87857903 35.40587489),3733120,DISABLT,COGNITION,AgeAdjPrv,Cognitive Disability
2020,NC,North Carolina,Huntersville,BRFSS,Prevention,Cervical cancer screening among adult women aged 21-65 years,%,Age-adjusted prevalence,88.3,87.7,88.8,"46,933",POINT (-80.87857903 35.40587489),3733120,PREVENT,CERVICAL,AgeAdjPrv,Cervical Cancer Screening
2021,NC,North Carolina,Huntersville,BRFSS,Health Outcomes,Chronic kidney disease among adults aged >=18 years,%,Age-adjusted prevalence,2.4,2.2,2.6,"46,933",POINT (-80.87857903 35.40587489),3733120,HLTHOUT,KIDNEY,AgeAdjPrv,Chronic Kidney Disease
2021,NC,North Carolina,Huntersville,BRFSS,Health Risk Behaviors,Binge drinking among adults aged >=18 years,%,Crude prevalence,21.6,18.5,24.9,"46,933",POINT (-80.87857903 35.40587489),3733120,RISKBEH,BINGE,CrdPrv,Binge Drinking
2021,NC,North Carolina,Huntersville,BRFSS,Health Outcomes,Depression among adults aged >=18 years,%,Crude prevalence,21.6,18.6,24.9,"46,933",POINT (-80.87857903 35.40587489),3733120,HLTHOUT,DEPRESSION,CrdPrv,Depression
2021,NC,North Carolina,Huntersville,BRFSS,Health Risk Behaviors,No leisure-time physical activity among adults aged >=18 years,%,Age-adjusted prevalence,15.1,12.8,17.8,"46,933",POINT (-80.87857903 35.40587489),3733120,RISKBEH,LPA,AgeAdjPrv,Physical Inactivity
2021,NC,North Carolina,Huntersville,BRFSS,Health Outcomes,High blood pressure among adults aged >=18 years,%,Crude prevalence,23.9,21.1,26.9,"46,933",POINT (-80.87857903 35.40587489),3733120,HLTHOUT,BPHIGH,CrdPrv,High Blood Pressure
2021,NC,North Carolina,Huntersville,BRFSS,Health Status,Fair or poor self-rated health status among adults aged >=18 years,%,Crude prevalence,8.7,7.7,9.9,"46,933",POINT (-80.87857903 35.40587489),3733120,HLTHSTAT,GHLTH,CrdPrv,General Health
2020,NC,North Carolina,Huntersville,BRFSS,Prevention,"Fecal occult blood test, sigmoidoscopy, or colonoscopy among adults aged 50-75 years",%,Age-adjusted prevalence,76.8,76,77.5,"46,933",POINT (-80.87857903 35.40587489),3733120,PREVENT,COLON_SCREEN,AgeAdjPrv,Colorectal Cancer Screening
2021,NC,North Carolina,Huntersville,BRFSS,Health Outcomes,High cholesterol among adults aged >=18 years who have been screened in the past 5 years,%,Crude prevalence,30.6,27.1,34.3,"46,933",POINT (-80.87857903 35.40587489),3733120,HLTHOUT,HIGHCHOL,CrdPrv,High Cholesterol
2021,NC,North Carolina,Huntersville,BRFSS,Health Status,Mental health not good for >=14 days among adults aged >=18 years,%,Age-adjusted prevalence,13.1,11.6,14.9,"46,933",POINT (-80.87857903 35.40587489),3733120,HLTHSTAT,MHLTH,AgeAdjPrv,Mental Health
2021,NC,North Carolina,Huntersville,BRFSS,Health Outcomes,Cancer (excluding skin cancer) among adults aged >=18 years,%,Crude prevalence,5.3,4.8,5.8,"46,933",POINT (-80.87857903 35.40587489),3733120,HLTHOUT,CANCER,CrdPrv,Cancer (except skin)
2021,NC,North Carolina,Huntersville,BRFSS,Disability,Mobility disability among adults aged >=18 years,%,Crude prevalence,8.2,7.2,9.3,"46,933",POINT (-80.87857903 35.40587489),3733120,DISABLT,MOBILITY,CrdPrv,Mobility Disability
2021,NC,North Carolina,Huntersville,BRFSS,Disability,Cognitive disability among adults ages >=18 years,%,Crude prevalence,9.5,8.3,10.6,"46,933",POINT (-80.87857903 35.40587489),3733120,DISABLT,COGNITION,CrdPrv,Cognitive Disability
2020,NC,North Carolina,Huntersville,BRFSS,Health Risk Behaviors,Sleeping less than 7 hours among adults aged >=18 years,%,Crude prevalence,28.9,28.4,29.5,"46,933",POINT (-80.87857903 35.40587489),3733120,RISKBEH,SLEEP,CrdPrv,Sleep <7 hours
2020,NC,North Carolina,Huntersville,BRFSS,Prevention,Visits to dentist or dental clinic among adults aged >=18 years,%,Age-adjusted prevalence,74.4,73.4,75.3,"46,933",POINT (-80.87857903 35.40587489),3733120,PREVENT,DENTAL,AgeAdjPrv,Dental Visit
2021,NC,North Carolina,Huntersville,BRFSS,Health Outcomes,Chronic obstructive pulmonary disease among adults aged >=18 years,%,Crude prevalence,4,3.5,4.5,"46,933",POINT (-80.87857903 35.40587489),3733120,HLTHOUT,COPD,CrdPrv,COPD
2021,NC,North Carolina,Huntersville,BRFSS,Health Risk Behaviors,No leisure-time physical activity among adults aged >=18 years,%,Crude prevalence,14.7,12.4,17.2,"46,933",POINT (-80.87857903 35.40587489),3733120,RISKBEH,LPA,CrdPrv,Physical Inactivity
2021,NC,North Carolina,Huntersville,BRFSS,Prevention,Cholesterol screening among adults aged >=18 years,%,Crude prevalence,88,85.9,89.8,"46,933",POINT (-80.87857903 35.40587489),3733120,PREVENT,CHOLSCREEN,CrdPrv,Cholesterol Screening
2021,NC,North Carolina,Huntersville,BRFSS,Prevention,Taking medicine for high blood pressure control among adults aged >=18 years with high blood pressure,%,Age-adjusted prevalence,57.4,52.8,61.9,"46,933",POINT (-80.87857903 35.40587489),3733120,PREVENT,BPMED,AgeAdjPrv,Taking BP Medication
2021,NC,North Carolina,Huntersville,BRFSS,Health Status,Physical health not good for >=14 days among adults aged >=18 years,%,Crude prevalence,7.7,6.8,8.8,"46,933",POINT (-80.87857903 35.40587489),3733120,HLTHSTAT,PHLTH,CrdPrv,Physical Health
2021,NC,North Carolina,Huntersville,BRFSS,Disability,Any disability among adults aged >=18 years,%,Age-adjusted prevalence,21.8,19.3,24.8,"46,933",POINT (-80.87857903 35.40587489),3733120,DISABLT,DISABILITY,AgeAdjPrv,Any Disability
2021,NC,North Carolina,Huntersville,BRFSS,Disability,Independent living disability among adults aged >=18 years,%,Crude prevalence,4.7,4.2,5.2,"46,933",POINT (-80.87857903 35.40587489),3733120,DISABLT,INDEPLIVE,CrdPrv,Independent Living Disability
2021,NC,North Carolina,Huntersville,BRFSS,Health Outcomes,Coronary heart disease among adults aged >=18 years,%,Crude prevalence,3.5,3.1,3.9,"46,933",POINT (-80.87857903 35.40587489),3733120,HLTHOUT,CHD,CrdPrv,Coronary Heart Disease
2021,NC,North Carolina,Huntersville,BRFSS,Health Status,Physical health not good for >=14 days among adults aged >=18 years,%,Age-adjusted prevalence,7.9,7,8.9,"46,933",POINT (-80.87857903 35.40587489),3733120,HLTHSTAT,PHLTH,AgeAdjPrv,Physical Health
2020,NC,North Carolina,Huntersville,BRFSS,Prevention,"Older adult women aged >=65 years who are up to date on a core set of clinical preventive services: Flu shot past year, PPV shot ever, Colorectal cancer screening, and Mammogram past 2 years",%,Crude prevalence,54.2,52,56.2,"46,933",POINT (-80.87857903 35.40587489),3733120,PREVENT,COREW,CrdPrv,Core preventive services for older women
2021,NC,North Carolina,Huntersville,BRFSS,Health Outcomes,Stroke among adults aged >=18 years,%,Crude prevalence,1.9,1.7,2,"46,933",POINT (-80.87857903 35.40587489),3733120,HLTHOUT,STROKE,CrdPrv,Stroke
2021,NC,North Carolina,Huntersville,BRFSS,Prevention,Current lack of health insurance among adults aged 18-64 years,%,Age-adjusted prevalence,8.1,7,9.3,"46,933",POINT (-80.87857903 35.40587489),3733120,PREVENT,ACCESS2,AgeAdjPrv,Health Insurance
2021,NC,North Carolina,Huntersville,BRFSS,Health Outcomes,Current asthma among adults aged >=18 years,%,Age-adjusted prevalence,8.8,7.8,9.9,"46,933",POINT (-80.87857903 35.40587489),3733120,HLTHOUT,CASTHMA,AgeAdjPrv,Current Asthma
2021,NC,North Carolina,Huntersville,BRFSS,Health Outcomes,Chronic kidney disease among adults aged >=18 years,%,Crude prevalence,2.1,1.9,2.2,"46,933",POINT (-80.87857903 35.40587489),3733120,HLTHOUT,KIDNEY,CrdPrv,Chronic Kidney Disease
2021,NC,North Carolina,Huntersville,BRFSS,Disability,Hearing disability among adults aged >=18 years,%,Age-adjusted prevalence,5.6,5,6.3,"46,933",POINT (-80.87857903 35.40587489),3733120,DISABLT,HEARING,AgeAdjPrv,Hearing Disability
2020,NC,North Carolina,Huntersville,BRFSS,Prevention,"Older adult men aged >=65 years who are up to date on a core set of clinical preventive services: Flu shot past year, PPV shot ever, Colorectal cancer screening",%,Crude prevalence,57.7,55.2,60.1,"46,933",POINT (-80.87857903 35.40587489),3733120,PREVENT,COREM,CrdPrv,Core preventive services for older men
2021,NC,North Carolina,Huntersville,BRFSS,Health Outcomes,Obesity among adults aged >=18 years,%,Crude prevalence,30.9,26.4,35.8,"46,933",POINT (-80.87857903 35.40587489),3733120,HLTHOUT,OBESITY,CrdPrv,Obesity
2021,NC,North Carolina,Huntersville,BRFSS,Health Risk Behaviors,Current smoking among adults aged >=18 years,%,Age-adjusted prevalence,10.3,8.7,12.2,"46,933",POINT (-80.87857903 35.40587489),3733120,RISKBEH,CSMOKING,AgeAdjPrv,Current Smoking
2021,NC,North Carolina,Huntersville,BRFSS,Health Outcomes,High blood pressure among adults aged >=18 years,%,Age-adjusted prevalence,25.8,22.9,28.9,"46,933",POINT (-80.87857903 35.40587489),3733120,HLTHOUT,BPHIGH,AgeAdjPrv,High Blood Pressure
2021,NC,North Carolina,Huntersville,BRFSS,Health Outcomes,Coronary heart disease among adults aged >=18 years,%,Age-adjusted prevalence,4.3,3.8,4.8,"46,933",POINT (-80.87857903 35.40587489),3733120,HLTHOUT,CHD,AgeAdjPrv,Coronary Heart Disease
2021,NC,North Carolina,Huntersville,BRFSS,Disability,Mobility disability among adults aged >=18 years,%,Age-adjusted prevalence,9.1,8,10.4,"46,933",POINT (-80.87857903 35.40587489),3733120,DISABLT,MOBILITY,AgeAdjPrv,Mobility Disability
2020,NC,North Carolina,Huntersville,BRFSS,Prevention,Mammography use among women aged 50-74 years,%,Crude prevalence,81,79.9,82,"46,933",POINT (-80.87857903 35.40587489),3733120,PREVENT,MAMMOUSE,CrdPrv,Mammography
2021,NC,North Carolina,Huntersville,BRFSS,Disability,Independent living disability among adults aged >=18 years,%,Age-adjusted prevalence,4.9,4.4,5.5,"46,933",POINT (-80.87857903 35.40587489),3733120,DISABLT,INDEPLIVE,AgeAdjPrv,Independent Living Disability
2021,NC,North Carolina,Huntersville,BRFSS,Health Outcomes,Chronic obstructive pulmonary disease among adults aged >=18 years,%,Age-adjusted prevalence,4.3,3.8,5,"46,933",POINT (-80.87857903 35.40587489),3733120,HLTHOUT,COPD,AgeAdjPrv,COPD
2021,NC,North Carolina,Huntersville,BRFSS,Health Outcomes,Arthritis among adults aged >=18 years,%,Crude prevalence,18.7,16.2,21.4,"46,933",POINT (-80.87857903 35.40587489),3733120,HLTHOUT,ARTHRITIS,CrdPrv,Arthritis
2021,NC,North Carolina,Huntersville,BRFSS,Prevention,Current lack of health insurance among adults aged 18-64 years,%,Crude prevalence,8.1,7.1,9.4,"46,933",POINT (-80.87857903 35.40587489),3733120,PREVENT,ACCESS2,CrdPrv,Health Insurance
2021,NC,North Carolina,Huntersville,BRFSS,Health Outcomes,Arthritis among adults aged >=18 years,%,Age-adjusted prevalence,20.3,17.8,23.2,"46,933",POINT (-80.87857903 35.40587489),3733120,HLTHOUT,ARTHRITIS,AgeAdjPrv,Arthritis
2021,NC,North Carolina,Huntersville,BRFSS,Health Outcomes,Diagnosed diabetes among adults aged >=18 years,%,Age-adjusted prevalence,7.8,6.8,9,"46,933",POINT (-80.87857903 35.40587489),3733120,HLTHOUT,DIABETES,AgeAdjPrv,Diabetes
2021,NC,North Carolina,Huntersville,BRFSS,Health Status,Mental health not good for >=14 days among adults aged >=18 years,%,Crude prevalence,13.4,11.8,15.1,"46,933",POINT (-80.87857903 35.40587489),3733120,HLTHSTAT,MHLTH,CrdPrv,Mental Health
2020,NC,North Carolina,Huntersville,BRFSS,Prevention,"Fecal occult blood test, sigmoidoscopy, or colonoscopy among adults aged 50-75 years",%,Crude prevalence,75.1,74.1,75.9,"46,933",POINT (-80.87857903 35.40587489),3733120,PREVENT,COLON_SCREEN,CrdPrv,Colorectal Cancer Screening
2021,NC,North Carolina,Huntersville,BRFSS,Health Risk Behaviors,Binge drinking among adults aged >=18 years,%,Age-adjusted prevalence,20.4,17.5,23.6,"46,933",POINT (-80.87857903 35.40587489),3733120,RISKBEH,BINGE,AgeAdjPrv,Binge Drinking
2021,NC,North Carolina,Huntersville,BRFSS,Health Outcomes,Depression among adults aged >=18 years,%,Age-adjusted prevalence,21,18.1,24.3,"46,933",POINT (-80.87857903 35.40587489),3733120,HLTHOUT,DEPRESSION,AgeAdjPrv,Depression
2020,NC,North Carolina,Huntersville,BRFSS,Prevention,"Older adult women aged >=65 years who are up to date on a core set of clinical preventive services: Flu shot past year, PPV shot ever, Colorectal cancer screening, and Mammogram past 2 years",%,Age-adjusted prevalence,54.5,52.5,56.6,"46,933",POINT (-80.87857903 35.40587489),3733120,PREVENT,COREW,AgeAdjPrv,Core preventive services for older women
2021,NC,North Carolina,Huntersville,BRFSS,Health Status,Fair or poor self-rated health status among adults aged >=18 years,%,Age-adjusted prevalence,9,7.9,10.3,"46,933",POINT (-80.87857903 35.40587489),3733120,HLTHSTAT,GHLTH,AgeAdjPrv,General Health
2021,NC,North Carolina,Huntersville,BRFSS,Disability,Vision disability among adults aged >=18 years,%,Crude prevalence,2.8,2.5,3.1,"46,933",POINT (-80.87857903 35.40587489),3733120,DISABLT,VISION,CrdPrv,Vision Disability
2021,NC,North Carolina,Huntersville,BRFSS,Health Outcomes,Cancer (excluding skin cancer) among adults aged >=18 years,%,Age-adjusted prevalence,6.3,5.7,6.9,"46,933",POINT (-80.87857903 35.40587489),3733120,HLTHOUT,CANCER,AgeAdjPrv,Cancer (except skin)
2021,NC,North Carolina,Huntersville,BRFSS,Prevention,Visits to doctor for routine checkup within the past year among adults aged >=18 years,%,Crude prevalence,74.2,70.2,77.9,"46,933",POINT (-80.87857903 35.40587489),3733120,PREVENT,CHECKUP,CrdPrv,Annual Checkup
2021,NC,North Carolina,Huntersville,BRFSS,Disability,Self-care disability among adults aged >=18 years,%,Age-adjusted prevalence,2.2,2,2.4,"46,933",POINT (-80.87857903 35.40587489),3733120,DISABLT,SELFCARE,AgeAdjPrv,Self-care Disability
2021,NC,North Carolina,Huntersville,BRFSS,Health Outcomes,Diagnosed diabetes among adults aged >=18 years,%,Crude prevalence,7.1,6.2,8.2,"46,933",POINT (-80.87857903 35.40587489),3733120,HLTHOUT,DIABETES,CrdPrv,Diabetes
2020,NC,North Carolina,Huntersville,BRFSS,Health Outcomes,All teeth lost among adults aged >=65 years,%,Crude prevalence,7,5.9,8.1,"46,933",POINT (-80.87857903 35.40587489),3733120,HLTHOUT,TEETHLOST,CrdPrv,All Teeth Lost
2021,NC,North Carolina,Huntersville,BRFSS,Prevention,Cholesterol screening among adults aged >=18 years,%,Age-adjusted prevalence,87.8,85.8,89.6,"46,933",POINT (-80.87857903 35.40587489),3733120,PREVENT,CHOLSCREEN,AgeAdjPrv,Cholesterol Screening
2021,NC,North Carolina,Huntersville,BRFSS,Prevention,Visits to doctor for routine checkup within the past year among adults aged >=18 years,%,Age-adjusted prevalence,75.5,71.6,79.1,"46,933",POINT (-80.87857903 35.40587489),3733120,PREVENT,CHECKUP,AgeAdjPrv,Annual Checkup
2021,NC,North Carolina,Huntersville,BRFSS,Health Risk Behaviors,Current smoking among adults aged >=18 years,%,Crude prevalence,11.3,9.7,13.2,"46,933",POINT (-80.87857903 35.40587489),3733120,RISKBEH,CSMOKING,CrdPrv,Current Smoking
2021,NC,North Carolina,Huntersville,BRFSS,Disability,Self-care disability among adults aged >=18 years,%,Crude prevalence,2.1,1.9,2.4,"46,933",POINT (-80.87857903 35.40587489),3733120,DISABLT,SELFCARE,CrdPrv,Self-care Disability
2020,NC,North Carolina,Huntersville,BRFSS,Health Risk Behaviors,Sleeping less than 7 hours among adults aged >=18 years,%,Age-adjusted prevalence,27.8,27.3,28.2,"46,933",POINT (-80.87857903 35.40587489),3733120,RISKBEH,SLEEP,AgeAdjPrv,Sleep <7 hours
2021,NC,North Carolina,Huntersville,BRFSS,Disability,Hearing disability among adults aged >=18 years,%,Crude prevalence,4.7,4.2,5.2,"46,933",POINT (-80.87857903 35.40587489),3733120,DISABLT,HEARING,CrdPrv,Hearing Disability
2020,NC,North Carolina,Huntersville,BRFSS,Prevention,Visits to dentist or dental clinic among adults aged >=18 years,%,Crude prevalence,73.8,72.8,74.8,"46,933",POINT (-80.87857903 35.40587489),3733120,PREVENT,DENTAL,CrdPrv,Dental Visit
2021,NC,North Carolina,Huntersville,BRFSS,Health Outcomes,Current asthma among adults aged >=18 years,%,Crude prevalence,8.9,7.9,10,"46,933",POINT (-80.87857903 35.40587489),3733120,HLTHOUT,CASTHMA,CrdPrv,Current Asthma
2020,NC,North Carolina,Huntersville,BRFSS,Health Outcomes,All teeth lost among adults aged >=65 years,%,Age-adjusted prevalence,7.4,6.1,8.7,"46,933",POINT (-80.87857903 35.40587489),3733120,HLTHOUT,TEETHLOST,AgeAdjPrv,All Teeth Lost
2021,NC,North Carolina,Huntersville,BRFSS,Health Outcomes,High cholesterol among adults aged >=18 years who have been screened in the past 5 years,%,Age-adjusted prevalence,30.6,27.1,34.3,"46,933",POINT (-80.87857903 35.40587489),3733120,HLTHOUT,HIGHCHOL,AgeAdjPrv,High Cholesterol
2020,NC,North Carolina,Huntersville,BRFSS,Prevention,"Older adult men aged >=65 years who are up to date on a core set of clinical preventive services: Flu shot past year, PPV shot ever, Colorectal cancer screening",%,Age-adjusted prevalence,58.9,56.6,61.2,"46,933",POINT (-80.87857903 35.40587489),3733120,PREVENT,COREM,AgeAdjPrv,Core preventive services for older men
2021,NC,North Carolina,Huntersville,BRFSS,Disability,Vision disability among adults aged >=18 years,%,Age-adjusted prevalence,2.9,2.7,3.2,"46,933",POINT (-80.87857903 35.40587489),3733120,DISABLT,VISION,AgeAdjPrv,Vision Disability
2020,NC,North Carolina,Huntersville,BRFSS,Prevention,Cervical cancer screening among adult women aged 21-65 years,%,Crude prevalence,89.1,88.5,89.6,"46,933",POINT (-80.87857903 35.40587489),3733120,PREVENT,CERVICAL,CrdPrv,Cervical Cancer Screening
2021,NC,North Carolina,Huntersville,BRFSS,Health Outcomes,Obesity among adults aged >=18 years,%,Age-adjusted prevalence,29.5,25.2,34.2,"46,933",POINT (-80.87857903 35.40587489),3733120,HLTHOUT,OBESITY,AgeAdjPrv,Obesity
2021,NC,North Carolina,Huntersville,BRFSS,Health Outcomes,Stroke among adults aged >=18 years,%,Age-adjusted prevalence,2.2,2,2.4,"46,933",POINT (-80.87857903 35.40587489),3733120,HLTHOUT,STROKE,AgeAdjPrv,Stroke
2022,NC,North Carolina,Huntersville,BRFSS,Health Outcomes,All teeth lost among adults aged >=65 years,%,Age-adjusted prevalence,8.4,6.7,10.3,"61,376",POINT (-80.8686804 35.4068096),3733120,HLTHOUT,TEETHLOST,AgeAdjPrv,All Teeth Lost
2022,NC,North Carolina,Huntersville,BRFSS,Health Outcomes,All teeth lost among adults aged >=65 years,%,Crude prevalence,7.9,6.3,9.8,"61,376",POINT (-80.8686804 35.4068096),3733120,HLTHOUT,TEETHLOST,CrdPrv,All Teeth Lost
2022,NC,North Carolina,Huntersville,BRFSS,Prevention,Colorectal cancer screening among adults aged 45â€“75 years,%,Age-adjusted prevalence,64.7,59.9,69.1,"61,376",POINT (-80.8686804 35.4068096),3733120,PREVENT,COLON_SCREEN,AgeAdjPrv,Colorectal Cancer Screening
2022,NC,North Carolina,Huntersville,BRFSS,Prevention,Colorectal cancer screening among adults aged 45â€“75 years,%,Crude prevalence,66.1,61.3,70.4,"61,376",POINT (-80.8686804 35.4068096),3733120,PREVENT,COLON_SCREEN,CrdPrv,Colorectal Cancer Screening
2022,NC,North Carolina,Huntersville,BRFSS,Prevention,Visited dentist or dental clinic in the past year among adults,%,Age-adjusted prevalence,70.6,67.4,73.5,"61,376",POINT (-80.8686804 35.4068096),3733120,PREVENT,DENTAL,AgeAdjPrv,Dental Visit
2022,NC,North Carolina,Huntersville,BRFSS,Prevention,Visited dentist or dental clinic in the past year among adults,%,Crude prevalence,70.7,67.5,73.6,"61,376",POINT (-80.8686804 35.4068096),3733120,PREVENT,DENTAL,CrdPrv,Dental Visit
2022,NC,North Carolina,Huntersville,BRFSS,Prevention,Mammography use among women aged 50-74 years,%,Age-adjusted prevalence,80.7,74.1,86,"61,376",POINT (-80.8686804 35.4068096),3733120,PREVENT,MAMMOUSE,AgeAdjPrv,Mammography
2022,NC,North Carolina,Huntersville,BRFSS,Prevention,Mammography use among women aged 50-74 years,%,Crude prevalence,80.7,74.1,85.9,"61,376",POINT (-80.8686804 35.4068096),3733120,PREVENT,MAMMOUSE,CrdPrv,Mammography
2022,NC,North Carolina,Huntersville,BRFSS,Health Risk Behaviors,Short sleep duration among adults,%,Age-adjusted prevalence,34.2,29.7,38.8,"61,376",POINT (-80.8686804 35.4068096),3733120,RISKBEH,SLEEP,AgeAdjPrv,Short Sleep Duration
2022,NC,North Carolina,Huntersville,BRFSS,Health Risk Behaviors,Short sleep duration among adults,%,Crude prevalence,34.7,30.1,39.3,"61,376",POINT (-80.8686804 35.4068096),3733120,RISKBEH,SLEEP,CrdPrv,Short Sleep Duration
2023,NC,North Carolina,Huntersville,BRFSS,Disability,Cognitive disability among adults,%,Age-adjusted prevalence,11.3,10,12.7,"61,376",POINT (-80.8686804 35.4068096),3733120,DISABLT,COGNITION,AgeAdjPrv,Cognitive Disability
2023,NC,North Carolina,Huntersville,BRFSS,Disability,Cognitive disability among adults,%,Crude prevalence,11.1,9.9,12.4,"61,376",POINT (-80.8686804 35.4068096),3733120,DISABLT,COGNITION,CrdPrv,Cognitive Disability
2023,NC,North Carolina,Huntersville,BRFSS,Disability,Any disability among adults,%,Age-adjusted prevalence,23.4,20.5,26.5,"61,376",POINT (-80.8686804 35.4068096),3733120,DISABLT,DISABILITY,AgeAdjPrv,Any Disability
2023,NC,North Carolina,Huntersville,BRFSS,Disability,Any disability among adults,%,Crude prevalence,23,20,26.1,"61,376",POINT (-80.8686804 35.4068096),3733120,DISABLT,DISABILITY,CrdPrv,Any Disability
2023,NC,North Carolina,Huntersville,BRFSS,Disability,Hearing disability among adults,%,Age-adjusted prevalence,5.3,4.7,6,"61,376",POINT (-80.8686804 35.4068096),3733120,DISABLT,HEARING,AgeAdjPrv,Hearing Disability
2023,NC,North Carolina,Huntersville,BRFSS,Disability,Hearing disability among adults,%,Crude prevalence,5.1,4.5,5.7,"61,376",POINT (-80.8686804 35.4068096),3733120,DISABLT,HEARING,CrdPrv,Hearing Disability
2023,NC,North Carolina,Huntersville,BRFSS,Disability,Independent living disability among adults,%,Age-adjusted prevalence,5.4,4.8,6,"61,376",POINT (-80.8686804 35.4068096),3733120,DISABLT,INDEPLIVE,AgeAdjPrv,Independent Living Disability
2023,NC,North Carolina,Huntersville,BRFSS,Disability,Independent living disability among adults,%,Crude prevalence,5.3,4.8,5.9,"61,376",POINT (-80.8686804 35.4068096),3733120,DISABLT,INDEPLIVE,CrdPrv,Independent Living Disability
2023,NC,North Carolina,Huntersville,BRFSS,Disability,Mobility disability among adults,%,Age-adjusted prevalence,8.6,7.5,9.7,"61,376",POINT (-80.8686804 35.4068096),3733120,DISABLT,MOBILITY,AgeAdjPrv,Mobility Disability
2023,NC,North Carolina,Huntersville,BRFSS,Disability,Mobility disability among adults,%,Crude prevalence,8.7,7.6,9.9,"61,376",POINT (-80.8686804 35.4068096),3733120,DISABLT,MOBILITY,CrdPrv,Mobility Disability
2023,NC,North Carolina,Huntersville,BRFSS,Disability,Self-care disability among adults,%,Age-adjusted prevalence,2.3,2.1,2.5,"61,376",POINT (-80.8686804 35.4068096),3733120,DISABLT,SELFCARE,AgeAdjPrv,Self-care Disability
2023,NC,North Carolina,Huntersville,BRFSS,Disability,Self-care disability among adults,%,Crude prevalence,2.4,2.2,2.6,"61,376",POINT (-80.8686804 35.4068096),3733120,DISABLT,SELFCARE,CrdPrv,Self-care Disability
2023,NC,North Carolina,Huntersville,BRFSS,Disability,Vision disability among adults,%,Age-adjusted prevalence,3.1,2.9,3.4,"61,376",POINT (-80.8686804 35.4068096),3733120,DISABLT,VISION,AgeAdjPrv,Vision Disability
2023,NC,North Carolina,Huntersville,BRFSS,Disability,Vision disability among adults,%,Crude prevalence,3.2,2.9,3.4,"61,376",POINT (-80.8686804 35.4068096),3733120,DISABLT,VISION,CrdPrv,Vision Disability
2023,NC,North Carolina,Huntersville,BRFSS,Health Outcomes,Arthritis among adults,%,Age-adjusted prevalence,21,18.5,23.6,"61,376",POINT (-80.8686804 35.4068096),3733120,HLTHOUT,ARTHRITIS,AgeAdjPrv,Arthritis
2023,NC,North Carolina,Huntersville,BRFSS,Health Outcomes,Arthritis among adults,%,Crude prevalence,21.8,19.1,24.4,"61,376",POINT (-80.8686804 35.4068096),3733120,HLTHOUT,ARTHRITIS,CrdPrv,Arthritis
2023,NC,North Carolina,Huntersville,BRFSS,Health Outcomes,High blood pressure among adults,%,Age-adjusted prevalence,26.9,23.7,30,"61,376",POINT (-80.8686804 35.4068096),3733120,HLTHOUT,BPHIGH,AgeAdjPrv,High Blood Pressure
2023,NC,North Carolina,Huntersville,BRFSS,Health Outcomes,High blood pressure among adults,%,Crude prevalence,27.8,24.5,31,"61,376",POINT (-80.8686804 35.4068096),3733120,HLTHOUT,BPHIGH,CrdPrv,High Blood Pressure
2023,NC,North Carolina,Huntersville,BRFSS,Health Outcomes,Cancer (non-skin) or melanoma among adults,%,Age-adjusted prevalence,7.3,6.6,8,"61,376",POINT (-80.8686804 35.4068096),3733120,HLTHOUT,CANCER,AgeAdjPrv,Cancer (non-skin) or Melanoma
2023,NC,North Carolina,Huntersville,BRFSS,Health Outcomes,Cancer (non-skin) or melanoma among adults,%,Crude prevalence,7.3,6.6,8,"61,376",POINT (-80.8686804 35.4068096),3733120,HLTHOUT,CANCER,CrdPrv,Cancer (non-skin) or Melanoma
2023,NC,North Carolina,Huntersville,BRFSS,Health Outcomes,Current asthma among adults,%,Age-adjusted prevalence,9.9,8.7,11.1,"61,376",POINT (-80.8686804 35.4068096),3733120,HLTHOUT,CASTHMA,AgeAdjPrv,Current Asthma
2023,NC,North Carolina,Huntersville,BRFSS,Health Outcomes,Current asthma among adults,%,Crude prevalence,10,8.7,11.2,"61,376",POINT (-80.8686804 35.4068096),3733120,HLTHOUT,CASTHMA,CrdPrv,Current Asthma
2023,NC,North Carolina,Huntersville,BRFSS,Health Outcomes,Coronary heart disease among adults,%,Age-adjusted prevalence,4.3,3.8,4.7,"61,376",POINT (-80.8686804 35.4068096),3733120,HLTHOUT,CHD,AgeAdjPrv,Coronary Heart Disease
2023,NC,North Carolina,Huntersville,BRFSS,Health Outcomes,Coronary heart disease among adults,%,Crude prevalence,4.2,3.8,4.7,"61,376",POINT (-80.8686804 35.4068096),3733120,HLTHOUT,CHD,CrdPrv,Coronary Heart Disease
2023,NC,North Carolina,Huntersville,BRFSS,Health Outcomes,Chronic obstructive pulmonary disease among adults,%,Age-adjusted prevalence,4.1,3.7,4.6,"61,376",POINT (-80.8686804 35.4068096),3733120,HLTHOUT,COPD,AgeAdjPrv,COPD
2023,NC,North Carolina,Huntersville,BRFSS,Health Outcomes,Chronic obstructive pulmonary disease among adults,%,Crude prevalence,4.2,3.8,4.8,"61,376",POINT (-80.8686804 35.4068096),3733120,HLTHOUT,COPD,CrdPrv,COPD
2023,NC,North Carolina,Huntersville,BRFSS,Health Outcomes,Depression among adults,%,Age-adjusted prevalence,23.8,20.5,27.2,"61,376",POINT (-80.8686804 35.4068096),3733120,HLTHOUT,DEPRESSION,AgeAdjPrv,Depression
2023,NC,North Carolina,Huntersville,BRFSS,Health Outcomes,Depression among adults,%,Crude prevalence,23.8,20.5,27.1,"61,376",POINT (-80.8686804 35.4068096),3733120,HLTHOUT,DEPRESSION,CrdPrv,Depression
2023,NC,North Carolina,Huntersville,BRFSS,Health Outcomes,Diagnosed diabetes among adults,%,Age-adjusted prevalence,7.6,6.5,8.7,"61,376",POINT (-80.8686804 35.4068096),3733120,HLTHOUT,DIABETES,AgeAdjPrv,Diabetes
2023,NC,North Carolina,Huntersville,BRFSS,Health Outcomes,Diagnosed diabetes among adults,%,Crude prevalence,8,6.9,9.2,"61,376",POINT (-80.8686804 35.4068096),3733120,HLTHOUT,DIABETES,CrdPrv,Diabetes
2023,NC,North Carolina,Huntersville,BRFSS,Health Outcomes,High cholesterol among adults who have ever been screened,%,Age-adjusted prevalence,30.1,26.4,33.7,"61,376",POINT (-80.8686804 35.4068096),3733120,HLTHOUT,HIGHCHOL,AgeAdjPrv,High Cholesterol
2023,NC,North Carolina,Huntersville,BRFSS,Health Outcomes,High cholesterol among adults who have ever been screened,%,Crude prevalence,32.3,28.5,35.9,"61,376",POINT (-80.8686804 35.4068096),3733120,HLTHOUT,HIGHCHOL,CrdPrv,High Cholesterol
2023,NC,North Carolina,Huntersville,BRFSS,Health Outcomes,Obesity among adults,%,Age-adjusted prevalence,25.6,21.1,30.2,"61,376",POINT (-80.8686804 35.4068096),3733120,HLTHOUT,OBESITY,AgeAdjPrv,Obesity
2023,NC,North Carolina,Huntersville,BRFSS,Health Outcomes,Obesity among adults,%,Crude prevalence,26.6,21.9,31.3,"61,376",POINT (-80.8686804 35.4068096),3733120,HLTHOUT,OBESITY,CrdPrv,Obesity
2023,NC,North Carolina,Huntersville,BRFSS,Health Outcomes,Stroke among adults,%,Age-adjusted prevalence,2.3,2.1,2.5,"61,376",POINT (-80.8686804 35.4068096),3733120,HLTHOUT,STROKE,AgeAdjPrv,Stroke
2023,NC,North Carolina,Huntersville,BRFSS,Health Outcomes,Stroke among adults,%,Crude prevalence,2.3,2.1,2.5,"61,376",POINT (-80.8686804 35.4068096),3733120,HLTHOUT,STROKE,CrdPrv,Stroke
2023,NC,North Carolina,Huntersville,BRFSS,Health Status,Fair or poor self-rated health status among adults,%,Age-adjusted prevalence,11.7,10.3,13.3,"61,376",POINT (-80.8686804 35.4068096),3733120,HLTHSTAT,GHLTH,AgeAdjPrv,General Health
2023,NC,North Carolina,Huntersville,BRFSS,Health Status,Fair or poor self-rated health status among adults,%,Crude prevalence,11.9,10.4,13.6,"61,376",POINT (-80.8686804 35.4068096),3733120,HLTHSTAT,GHLTH,CrdPrv,General Health
2023,NC,North Carolina,Huntersville,BRFSS,Health Status,Frequent mental distress among adults,%,Age-adjusted prevalence,14.6,12.9,16.4,"61,376",POINT (-80.8686804 35.4068096),3733120,HLTHSTAT,MHLTH,AgeAdjPrv,Frequent Mental Distress
2023,NC,North Carolina,Huntersville,BRFSS,Health Status,Frequent mental distress among adults,%,Crude prevalence,14.4,12.8,16.2,"61,376",POINT (-80.8686804 35.4068096),3733120,HLTHSTAT,MHLTH,CrdPrv,Frequent Mental Distress
2023,NC,North Carolina,Huntersville,BRFSS,Health Status,Frequent physical distress among adults,%,Age-adjusted prevalence,9.2,8.1,10.4,"61,376",POINT (-80.8686804 35.4068096),3733120,HLTHSTAT,PHLTH,AgeAdjPrv,Frequent Physical Distress
2023,NC,North Carolina,Huntersville,BRFSS,Health Status,Frequent physical distress among adults,%,Crude prevalence,9.5,8.4,10.7,"61,376",POINT (-80.8686804 35.4068096),3733120,HLTHSTAT,PHLTH,CrdPrv,Frequent Physical Distress
2023,NC,North Carolina,Huntersville,BRFSS,Prevention,Current lack of health insurance among adults aged 18-64 years,%,Age-adjusted prevalence,7.1,6.1,8.2,"61,376",POINT (-80.8686804 35.4068096),3733120,PREVENT,ACCESS2,AgeAdjPrv,Health Insurance
2023,NC,North Carolina,Huntersville,BRFSS,Prevention,Current lack of health insurance among adults aged 18-64 years,%,Crude prevalence,6.9,5.9,8,"61,376",POINT (-80.8686804 35.4068096),3733120,PREVENT,ACCESS2,CrdPrv,Health Insurance
2023,NC,North Carolina,Huntersville,BRFSS,Prevention,Taking medicine to control high blood pressure among adults with high blood pressure,%,Age-adjusted prevalence,56.4,51.7,60.8,"61,376",POINT (-80.8686804 35.4068096),3733120,PREVENT,BPMED,AgeAdjPrv,High Blood Pressure Medication
2023,NC,North Carolina,Huntersville,BRFSS,Prevention,Taking medicine to control high blood pressure among adults with high blood pressure,%,Crude prevalence,73.1,69.3,76.4,"61,376",POINT (-80.8686804 35.4068096),3733120,PREVENT,BPMED,CrdPrv,High Blood Pressure Medication
2023,NC,North Carolina,Huntersville,BRFSS,Prevention,Visits to doctor for routine checkup within the past year among adults,%,Age-adjusted prevalence,77.9,74.3,81,"61,376",POINT (-80.8686804 35.4068096),3733120,PREVENT,CHECKUP,AgeAdjPrv,Annual Checkup
2023,NC,North Carolina,Huntersville,BRFSS,Prevention,Visits to doctor for routine checkup within the past year among adults,%,Crude prevalence,78.4,74.8,81.5,"61,376",POINT (-80.8686804 35.4068096),3733120,PREVENT,CHECKUP,CrdPrv,Annual Checkup
2023,NC,North Carolina,Huntersville,BRFSS,Prevention,Cholesterol screening among adults,%,Age-adjusted prevalence,88.9,87.3,90.3,"61,376",POINT (-80.8686804 35.4068096),3733120,PREVENT,CHOLSCREEN,AgeAdjPrv,Cholesterol Screening
2023,NC,North Carolina,Huntersville,BRFSS,Prevention,Cholesterol screening among adults,%,Crude prevalence,89.7,88.2,91,"61,376",POINT (-80.8686804 35.4068096),3733120,PREVENT,CHOLSCREEN,CrdPrv,Cholesterol Screening
2023,NC,North Carolina,Huntersville,BRFSS,Health Risk Behaviors,Binge drinking among adults,%,Age-adjusted prevalence,17.5,14.6,20.6,"61,376",POINT (-80.8686804 35.4068096),3733120,RISKBEH,BINGE,AgeAdjPrv,Binge Drinking
2023,NC,North Carolina,Huntersville,BRFSS,Health Risk Behaviors,Binge drinking among adults,%,Crude prevalence,17.3,14.4,20.3,"61,376",POINT (-80.8686804 35.4068096),3733120,RISKBEH,BINGE,CrdPrv,Binge Drinking
2023,NC,North Carolina,Huntersville,BRFSS,Health Risk Behaviors,Current cigarette smoking among adults,%,Age-adjusted prevalence,8.6,7.4,10,"61,376",POINT (-80.8686804 35.4068096),3733120,RISKBEH,CSMOKING,AgeAdjPrv,Current Cigarette Smoking
2023,NC,North Carolina,Huntersville,BRFSS,Health Risk Behaviors,Current cigarette smoking among adults,%,Crude prevalence,9.1,7.8,10.5,"61,376",POINT (-80.8686804 35.4068096),3733120,RISKBEH,CSMOKING,CrdPrv,Current Cigarette Smoking
2023,NC,North Carolina,Huntersville,BRFSS,Health Risk Behaviors,No leisure-time physical activity among adults,%,Age-adjusted prevalence,16,13.5,18.7,"61,376",POINT (-80.8686804 35.4068096),3733120,RISKBEH,LPA,AgeAdjPrv,Physical Inactivity
2023,NC,North Carolina,Huntersville,BRFSS,Health Risk Behaviors,No leisure-time physical activity among adults,%,Crude prevalence,16.1,13.5,18.9,"61,376",POINT (-80.8686804 35.4068096),3733120,RISKBEH,LPA,CrdPrv,Physical Inactivity
2023,NC,North Carolina,Huntersville,BRFSS,Health-Related Social Needs,Lack of social and emotional support among adults,%,Age-adjusted prevalence,20,17.1,23,"61,376",POINT (-80.8686804 35.4068096),3733120,SOCLNEED,EMOTIONSPT,AgeAdjPrv,Lack of Social/Emotional Support
2023,NC,North Carolina,Huntersville,BRFSS,Health-Related Social Needs,Lack of social and emotional support among adults,%,Crude prevalence,20,17.1,23,"61,376",POINT (-80.8686804 35.4068096),3733120,SOCLNEED,EMOTIONSPT,CrdPrv,Lack of Social/Emotional Support
2023,NC,North Carolina,Huntersville,BRFSS,Health-Related Social Needs,Food insecurity in the past 12 months among adults,%,Age-adjusted prevalence,8.5,7.2,9.8,"61,376",POINT (-80.8686804 35.4068096),3733120,SOCLNEED,FOODINSECU,AgeAdjPrv,Food Insecurity
2023,NC,North Carolina,Huntersville,BRFSS,Health-Related Social Needs,Food insecurity in the past 12 months among adults,%,Crude prevalence,8.6,7.2,9.9,"61,376",POINT (-80.8686804 35.4068096),3733120,SOCLNEED,FOODINSECU,CrdPrv,Food Insecurity
2023,NC,North Carolina,Huntersville,BRFSS,Health-Related Social Needs,Received food stamps in the past 12 months among adults,%,Age-adjusted prevalence,5.7,4.8,6.6,"61,376",POINT (-80.8686804 35.4068096),3733120,SOCLNEED,FOODSTAMP,AgeAdjPrv,Food Stamps
2023,NC,North Carolina,Huntersville,BRFSS,Health-Related Social Needs,Received food stamps in the past 12 months among adults,%,Crude prevalence,5.8,4.9,6.8,"61,376",POINT (-80.8686804 35.4068096),3733120,SOCLNEED,FOODSTAMP,CrdPrv,Food Stamps
2023,NC,North Carolina,Huntersville,BRFSS,Health-Related Social Needs,Housing insecurity in the past 12 months among adults,%,Age-adjusted prevalence,8,6.8,9.2,"61,376",POINT (-80.8686804 35.4068096),3733120,SOCLNEED,HOUSINSECU,AgeAdjPrv,Housing Insecurity
2023,NC,North Carolina,Huntersville,BRFSS,Health-Related Social Needs,Housing insecurity in the past 12 months among adults,%,Crude prevalence,8.1,6.9,9.3,"61,376",POINT (-80.8686804 35.4068096),3733120,SOCLNEED,HOUSINSECU,CrdPrv,Housing Insecurity
2023,NC,North Carolina,Huntersville,BRFSS,Health-Related Social Needs,Lack of reliable transportation in the past 12 months among adults,%,Age-adjusted prevalence,5.3,4.6,6,"61,376",POINT (-80.8686804 35.4068096),3733120,SOCLNEED,LACKTRPT,AgeAdjPrv,Transportation Barriers
2023,NC,North Carolina,Huntersville,BRFSS,Health-Related Social Needs,Lack of reliable transportation in the past 12 months among adults,%,Crude prevalence,5.2,4.6,5.9,"61,376",POINT (-80.8686804 35.4068096),3733120,SOCLNEED,LACKTRPT,CrdPrv,Transportation Barriers
2023,NC,North Carolina,Huntersville,BRFSS,Health-Related Social Needs,Loneliness among adults,%,Age-adjusted prevalence,30.3,26.1,35,"61,376",POINT (-80.8686804 35.4068096),3733120,SOCLNEED,LONELINESS,AgeAdjPrv,Loneliness
2023,NC,North Carolina,Huntersville,BRFSS,Health-Related Social Needs,Loneliness among adults,%,Crude prevalence,29.6,25.4,34.2,"61,376",POINT (-80.8686804 35.4068096),3733120,SOCLNEED,LONELINESS,CrdPrv,Loneliness
2023,NC,North Carolina,Huntersville,BRFSS,Health-Related Social Needs,Utility services shut-off threat in the past 12 months among adults,%,Age-adjusted prevalence,5.1,4.4,5.9,"61,376",POINT (-80.8686804 35.4068096),3733120,SOCLNEED,SHUTUTILITY,AgeAdjPrv,Utility Services Threat
2023,NC,North Carolina,Huntersville,BRFSS,Health-Related Social Needs,Utility services shut-off threat in the past 12 months among adults,%,Crude prevalence,5.3,4.5,6.1,"61,376",POINT (-80.8686804 35.4068096),3733120,SOCLNEED,SHUTUTILITY,CrdPrv,Utility Services Threat
